,Unnamed: 0.1,Unnamed: 0,DOI,rxn_type,temperature_degC,time_h,atmosphere,scale_mol,concentration_moll,stmat_1_smiles,SMILES,stmat_1_eq,reagent_1_smiles,reagent_1_eq,reagent_2_smiles,reagent_2_eq,reagent_3_smiles,reagent_3_eq,reagent_4_smiles,reagent_4_eq,catalyst_1_smiles,catalyst_1_eq,catalyst_2_smiles,catalyst_2_eq,ligand_1_smiles,ligand_1_eq,ligand_2_smiles,ligand_2_eq,additive_1_smiles,additive_1_eq,solvent_1_smiles,solvent_1_fraction,solvent_2_smiles,solvent_2_fraction,product_1_smiles,product_1_yield,product_1_yieldtype,product_2_smiles,product_2_yield,product_2_yieldtype,rxn_combo,rxn_ID,Reactant_SMILES,Product_SMILES,Yield (%),Selectivity (%)
0,0,0,10.1021/ja412563e,borylation,25,26,ar,0.00025,0.5,Cc1nc2ccccc2o1,Cc1nc2ccccc2o1,1,O1B(OC(C)(C)C1(C)C)B2OC(C)(C)C(O2)(C)C,1,,,,,,,[O-]1(C)[Ir+]234([O-](C)[Ir+]1567[CH]=8CC[CH]7=[CH]6CC[CH]85)[CH]=9CC[CH]4=[CH]3CC[CH]92,0.0025,,,N=1C=CC(=CC1C=2N=CC=C(C2)C(C)(C)C)C(C)(C)C,0.005,,,,,O1CCCC1,1,,,Cc1nc2cccc(B3OC(C)(C)C(C)(C)O3)c2o1,0.43,1H-NMR,,,,"('N=1C=CC(=CC1C=2N=CC=C(C2)C(C)(C)C)C(C)(C)C', 'O1B(OC(C)(C)C1(C)C)B2OC(C)(C)C(O2)(C)C', '[O-]1(C)[Ir+]234([O-](C)[Ir+]1567[CH]=8CC[CH]7=[CH]6CC[CH]85)[CH]=9CC[CH]4=[CH]3CC[CH]92')",0,Cc1nc2ccccc2o1,Bc1cccc2nc(C)oc12,43,
1,1,1,10.1021/ja412563e,borylation,25,22,ar,0.00025,0.5,Cc1nc2cc(Br)ccc2o1,Cc1nc2cc(Br)ccc2o1,1,O1B(OC(C)(C)C1(C)C)B2OC(C)(C)C(O2)(C)C,0.75,,,,,,,[O-]1(C)[Ir+]234([O-](C)[Ir+]1567[CH]=8CC[CH]7=[CH]6CC[CH]85)[CH]=9CC[CH]4=[CH]3CC[CH]92,0.0025,,,N=1C=CC(=CC1C=2N=CC=C(C2)C(C)(C)C)C(C)(C)C,0.005,,,,,O1CCCC1,1,,,Cc1nc2cc(Br)cc(B3OC(C)(C)C(C)(C)O3)c2o1,0.85,1H-NMR,,,,"('N=1C=CC(=CC1C=2N=CC=C(C2)C(C)(C)C)C(C)(C)C', 'O1B(OC(C)(C)C1(C)C)B2OC(C)(C)C(O2)(C)C', '[O-]1(C)[Ir+]234([O-](C)[Ir+]1567[CH]=8CC[CH]7=[CH]6CC[CH]85)[CH]=9CC[CH]4=[CH]3CC[CH]92')",1,Cc1nc2cc(Br)ccc2o1,Bc1cc(Br)cc2nc(C)oc12,85,
2,2,2,10.1021/ja412563e,borylation,80,48,ar,0.00025,0.5,Cc1nc2ccccc2[nH]1,Cc1nc2ccccc2[nH]1,1,O1B(OC(C)(C)C1(C)C)B2OC(C)(C)C(O2)(C)C,1.5,,,,,,,[O-]1(C)[Ir+]234([O-](C)[Ir+]1567[CH]=8CC[CH]7=[CH]6CC[CH]85)[CH]=9CC[CH]4=[CH]3CC[CH]92,0.005,,,N=1C=CC(=CC1C=2N=CC=C(C2)C(C)(C)C)C(C)(C)C,0.01,,,,,O1CCCC1,1,,,Cc1nc2ccc(B3OC(C)(C)C(C)(C)O3)cc2[nH]1,0.27,1H-NMR,,,,"('N=1C=CC(=CC1C=2N=CC=C(C2)C(C)(C)C)C(C)(C)C', 'O1B(OC(C)(C)C1(C)C)B2OC(C)(C)C(O2)(C)C', '[O-]1(C)[Ir+]234([O-](C)[Ir+]1567[CH]=8CC[CH]7=[CH]6CC[CH]85)[CH]=9CC[CH]4=[CH]3CC[CH]92')",2,Cc1nc2ccccc2[nH]1,Bc1ccc2nc(C)[nH]c2c1,27,
3,3,3,10.1021/ja412563e,borylation,80,19,ar,0.00025,0.5,Cc1cc2c(Cl)ccnc2[nH]1,Cc1cc2c(Cl)ccnc2[nH]1,1,O1B(OC(C)(C)C1(C)C)B2OC(C)(C)C(O2)(C)C,1.5,,,,,,,[O-]1(C)[Ir+]234([O-](C)[Ir+]1567[CH]=8CC[CH]7=[CH]6CC[CH]85)[CH]=9CC[CH]4=[CH]3CC[CH]92,0.01,,,N=1C=CC(=CC1C=2N=CC=C(C2)C(C)(C)C)C(C)(C)C,0.02,,,,,O1CCCC1,1,,,Cc1cc2c(Cl)c(B3OC(C)(C)C(C)(C)O3)cnc2[nH]1,0.27,1H-NMR,,,,"('N=1C=CC(=CC1C=2N=CC=C(C2)C(C)(C)C)C(C)(C)C', 'O1B(OC(C)(C)C1(C)C)B2OC(C)(C)C(O2)(C)C', '[O-]1(C)[Ir+]234([O-](C)[Ir+]1567[CH]=8CC[CH]7=[CH]6CC[CH]85)[CH]=9CC[CH]4=[CH]3CC[CH]92')",3,Cc1cc2c(Cl)ccnc2[nH]1,Bc1cnc2[nH]c(C)cc2c1Cl,27,
4,4,4,10.1021/ja0631652,borylation,60,2.5,n2,0.0005,0.166667,CCN(CC)C(=O)c1cc2ccccc2[nH]1,CCN(CC)C(=O)c1cc2ccccc2[nH]1,1,O1B(OC(C)(C)C1(C)C)B2OC(C)(C)C(O2)(C)C,1,,,,,,,[O-]1(C)[Ir+]234([O-](C)[Ir+]1567[CH]=8CC[CH]7=[CH]6CC[CH]85)[CH]=9CC[CH]4=[CH]3CC[CH]92,0.015,,,N=1C=CC(=CC1C=2N=CC=C(C2)C(C)(C)C)C(C)(C)C,0.03,,,,,CCCCCC,1,,,CCN(CC)C(=O)c1cc2cccc(B3OC(C)(C)C(C)(C)O3)c2[nH]1,0.9,Isolated,,,,"('N=1C=CC(=CC1C=2N=CC=C(C2)C(C)(C)C)C(C)(C)C', 'O1B(OC(C)(C)C1(C)C)B2OC(C)(C)C(O2)(C)C', '[O-]1(C)[Ir+]234([O-](C)[Ir+]1567[CH]=8CC[CH]7=[CH]6CC[CH]85)[CH]=9CC[CH]4=[CH]3CC[CH]92')",4,CCN(CC)C(=O)c1cc2ccccc2[nH]1,Bc1cccc2cc(C(=O)N(CC)CC)[nH]c12,90,
5,5,5,10.1021/ja0631652,borylation,60,18,n2,0.001,0.333333,CCOC(=O)c1c(C)[nH]c2ccccc12,CCOC(=O)c1c(C)[nH]c2ccccc12,1,O1B(OC(C)(C)C1(C)C)B2OC(C)(C)C(O2)(C)C,1,,,,,,,[O-]1(C)[Ir+]234([O-](C)[Ir+]1567[CH]=8CC[CH]7=[CH]6CC[CH]85)[CH]=9CC[CH]4=[CH]3CC[CH]92,0.015,,,N=1C=CC(=CC1C=2N=CC=C(C2)C(C)(C)C)C(C)(C)C,0.03,,,,,CCCCCC,1,,,CCOC(=O)c1c(C)[nH]c2c(B3OC(C)(C)C(C)(C)O3)cccc12,0.64,Isolated,,,,"('N=1C=CC(=CC1C=2N=CC=C(C2)C(C)(C)C)C(C)(C)C', 'O1B(OC(C)(C)C1(C)C)B2OC(C)(C)C(O2)(C)C', '[O-]1(C)[Ir+]234([O-](C)[Ir+]1567[CH]=8CC[CH]7=[CH]6CC[CH]85)[CH]=9CC[CH]4=[CH]3CC[CH]92')",5,CCOC(=O)c1c(C)[nH]c2ccccc12,Bc1cccc2c(C(=O)OCC)c(C)[nH]c12,64,
6,6,6,10.1021/jacs.6b13346,borylation,50,24,n2,0.0005,0.5,CCOC(=O)c1cccc(F)c1,CCOC(=O)c1cccc(F)c1,1,O1B(OC(C)(C)C1(C)C)B2OC(C)(C)C(O2)(C)C,0.75,,,,,,,[O-]1(C)[Ir+]234([O-](C)[Ir+]1567[CH]=8CC[CH]7=[CH]6CC[CH]85)[CH]=9CC[CH]4=[CH]3CC[CH]92,0.001,,,N=1C=CC(=CC1C=2N=CC=C(C2)C(C)(C)C)C(C)(C)C,0.002,,,,,O1CCCC1,1,,,CCOC(=O)c1ccc(B2OC(C)(C)C(C)(C)O2)c(F)c1,0.64,19F-NMR,,,,"('N=1C=CC(=CC1C=2N=CC=C(C2)C(C)(C)C)C(C)(C)C', 'O1B(OC(C)(C)C1(C)C)B2OC(C)(C)C(O2)(C)C', '[O-]1(C)[Ir+]234([O-](C)[Ir+]1567[CH]=8CC[CH]7=[CH]6CC[CH]85)[CH]=9CC[CH]4=[CH]3CC[CH]92')",6,CCOC(=O)c1cccc(F)c1,Bc1ccc(C(=O)OCC)cc1F,64,
7,7,7,10.1021/jacs.6b13346,borylation,50,24,n2,0.0005,0.5,Fc1cccc(C(F)(F)F)c1,Fc1cccc(C(F)(F)F)c1,1,O1B(OC(C)(C)C1(C)C)B2OC(C)(C)C(O2)(C)C,0.75,,,,,,,[O-]1(C)[Ir+]234([O-](C)[Ir+]1567[CH]=8CC[CH]7=[CH]6CC[CH]85)[CH]=9CC[CH]4=[CH]3CC[CH]92,0.001,,,N=1C=CC(=CC1C=2N=CC=C(C2)C(C)(C)C)C(C)(C)C,0.002,,,,,O1CCCC1,1,,,CC1(C)OB(c2ccc(C(F)(F)F)cc2F)OC1(C)C,0.99,19F-NMR,,,,"('N=1C=CC(=CC1C=2N=CC=C(C2)C(C)(C)C)C(C)(C)C', 'O1B(OC(C)(C)C1(C)C)B2OC(C)(C)C(O2)(C)C', '[O-]1(C)[Ir+]234([O-](C)[Ir+]1567[CH]=8CC[CH]7=[CH]6CC[CH]85)[CH]=9CC[CH]4=[CH]3CC[CH]92')",7,Fc1cccc(C(F)(F)F)c1,Bc1ccc(C(F)(F)F)cc1F,99,
8,8,8,10.1021/jacs.6b13346,borylation,50,24,n2,0.0005,0.5,CN(C)S(=O)(=O)c1cccc(F)c1,CN(C)S(=O)(=O)c1cccc(F)c1,1,O1B(OC(C)(C)C1(C)C)B2OC(C)(C)C(O2)(C)C,0.75,,,,,,,[O-]1(C)[Ir+]234([O-](C)[Ir+]1567[CH]=8CC[CH]7=[CH]6CC[CH]85)[CH]=9CC[CH]4=[CH]3CC[CH]92,0.001,,,N=1C=CC(=CC1C=2N=CC=C(C2)C(C)(C)C)C(C)(C)C,0.002,,,,,O1CCCC1,1,,,CN(C)S(=O)(=O)c1ccc(B2OC(C)(C)C(C)(C)O2)c(F)c1,0.99,19F-NMR,,,,"('N=1C=CC(=CC1C=2N=CC=C(C2)C(C)(C)C)C(C)(C)C', 'O1B(OC(C)(C)C1(C)C)B2OC(C)(C)C(O2)(C)C', '[O-]1(C)[Ir+]234([O-](C)[Ir+]1567[CH]=8CC[CH]7=[CH]6CC[CH]85)[CH]=9CC[CH]4=[CH]3CC[CH]92')",8,CN(C)S(=O)(=O)c1cccc(F)c1,Bc1ccc(S(=O)(=O)N(C)C)cc1F,99,
9,9,9,10.1021/jacs.6b13346,borylation,50,24,n2,0.00028,0.56,CCN(CC)C(=O)c1cccc(F)c1,CCN(CC)C(=O)c1cccc(F)c1,1,O1B(OC(C)(C)C1(C)C)B2OC(C)(C)C(O2)(C)C,1,,,,,,,[O-]1(C)[Ir+]234([O-](C)[Ir+]1567[CH]=8CC[CH]7=[CH]6CC[CH]85)[CH]=9CC[CH]4=[CH]3CC[CH]92,0.025,,,N=1C=CC(=CC1C=2N=CC=C(C2)C(C)(C)C)C(C)(C)C,0.05,,,,,O1CCCC1,1,,,CCN(CC)C(=O)c1ccc(B2OC(C)(C)C(C)(C)O2)c(F)c1,0.94,19F-NMR,,,,"('N=1C=CC(=CC1C=2N=CC=C(C2)C(C)(C)C)C(C)(C)C', 'O1B(OC(C)(C)C1(C)C)B2OC(C)(C)C(O2)(C)C', '[O-]1(C)[Ir+]234([O-](C)[Ir+]1567[CH]=8CC[CH]7=[CH]6CC[CH]85)[CH]=9CC[CH]4=[CH]3CC[CH]92')",9,CCN(CC)C(=O)c1cccc(F)c1,Bc1ccc(C(=O)N(CC)CC)cc1F,94,
10,10,10,10.1021/jacs.6b13346,borylation,50,24,n2,0.0005,0.5,Fc1cccc(-c2ccccc2)c1,Fc1cccc(-c2ccccc2)c1,1,O1B(OC(C)(C)C1(C)C)B2OC(C)(C)C(O2)(C)C,0.75,,,,,,,[O-]1(C)[Ir+]234([O-](C)[Ir+]1567[CH]=8CC[CH]7=[CH]6CC[CH]85)[CH]=9CC[CH]4=[CH]3CC[CH]92,0.001,,,N=1C=CC(=CC1C=2N=CC=C(C2)C(C)(C)C)C(C)(C)C,0.002,,,,,O1CCCC1,1,,,CC1(C)OB(c2ccc(-c3ccccc3)cc2F)OC1(C)C,0.32,19F-NMR,,,,"('N=1C=CC(=CC1C=2N=CC=C(C2)C(C)(C)C)C(C)(C)C', 'O1B(OC(C)(C)C1(C)C)B2OC(C)(C)C(O2)(C)C', '[O-]1(C)[Ir+]234([O-](C)[Ir+]1567[CH]=8CC[CH]7=[CH]6CC[CH]85)[CH]=9CC[CH]4=[CH]3CC[CH]92')",10,Fc1cccc(-c2ccccc2)c1,Bc1ccc(-c2ccccc2)cc1F,32,
11,11,11,10.1021/jacs.6b13346,borylation,50,24,n2,0.0005,0.5,Fc1cccc(-c2ccc3ccccc3c2)c1,Fc1cccc(-c2ccc3ccccc3c2)c1,1,O1B(OC(C)(C)C1(C)C)B2OC(C)(C)C(O2)(C)C,0.75,,,,,,,[O-]1(C)[Ir+]234([O-](C)[Ir+]1567[CH]=8CC[CH]7=[CH]6CC[CH]85)[CH]=9CC[CH]4=[CH]3CC[CH]92,0.001,,,N=1C=CC(=CC1C=2N=CC=C(C2)C(C)(C)C)C(C)(C)C,0.002,,,,,O1CCCC1,1,,,CC1(C)OB(c2ccc(-c3ccc4ccccc4c3)cc2F)OC1(C)C,0.35,19F-NMR,,,,"('N=1C=CC(=CC1C=2N=CC=C(C2)C(C)(C)C)C(C)(C)C', 'O1B(OC(C)(C)C1(C)C)B2OC(C)(C)C(O2)(C)C', '[O-]1(C)[Ir+]234([O-](C)[Ir+]1567[CH]=8CC[CH]7=[CH]6CC[CH]85)[CH]=9CC[CH]4=[CH]3CC[CH]92')",11,Fc1cccc(-c2ccc3ccccc3c2)c1,Bc1ccc(-c2ccc3ccccc3c2)cc1F,35,
12,12,12,10.1021/jacs.6b13346,borylation,50,24,n2,0.0005,0.5,COC(=O)C(C)c1cccc(F)c1,COC(=O)C(C)c1cccc(F)c1,1,O1B(OC(C)(C)C1(C)C)B2OC(C)(C)C(O2)(C)C,0.75,,,,,,,[O-]1(C)[Ir+]234([O-](C)[Ir+]1567[CH]=8CC[CH]7=[CH]6CC[CH]85)[CH]=9CC[CH]4=[CH]3CC[CH]92,0.001,,,N=1C=CC(=CC1C=2N=CC=C(C2)C(C)(C)C)C(C)(C)C,0.002,,,,,O1CCCC1,1,,,COC(=O)C(C)c1ccc(B2OC(C)(C)C(C)(C)O2)c(F)c1,0.87,19F-NMR,,,,"('N=1C=CC(=CC1C=2N=CC=C(C2)C(C)(C)C)C(C)(C)C', 'O1B(OC(C)(C)C1(C)C)B2OC(C)(C)C(O2)(C)C', '[O-]1(C)[Ir+]234([O-](C)[Ir+]1567[CH]=8CC[CH]7=[CH]6CC[CH]85)[CH]=9CC[CH]4=[CH]3CC[CH]92')",12,COC(=O)C(C)c1cccc(F)c1,Bc1ccc(C(C)C(=O)OC)cc1F,87,
13,13,13,10.1021/jacs.6b13346,borylation,50,24,n2,0.0005,0.5,COc1cccc(F)c1,COc1cccc(F)c1,1,O1B(OC(C)(C)C1(C)C)B2OC(C)(C)C(O2)(C)C,0.75,,,,,,,[O-]1(C)[Ir+]234([O-](C)[Ir+]1567[CH]=8CC[CH]7=[CH]6CC[CH]85)[CH]=9CC[CH]4=[CH]3CC[CH]92,0.001,,,N=1C=CC(=CC1C=2N=CC=C(C2)C(C)(C)C)C(C)(C)C,0.002,,,,,O1CCCC1,1,,,COc1ccc(B2OC(C)(C)C(C)(C)O2)c(F)c1,0.93,19F-NMR,,,,"('N=1C=CC(=CC1C=2N=CC=C(C2)C(C)(C)C)C(C)(C)C', 'O1B(OC(C)(C)C1(C)C)B2OC(C)(C)C(O2)(C)C', '[O-]1(C)[Ir+]234([O-](C)[Ir+]1567[CH]=8CC[CH]7=[CH]6CC[CH]85)[CH]=9CC[CH]4=[CH]3CC[CH]92')",13,COc1cccc(F)c1,Bc1ccc(OC)cc1F,93,
14,14,14,10.1021/jacs.7b04490,borylation,80,12,n2,0.0002,0.2,CCOC(=O)c1ncccc1C,CCOC(=O)c1ncccc1C,1,O1B(OC(C)(C)C1(C)C)B2OC(C)(C)C(O2)(C)C,1,,,,,,,[O-]1(C)[Ir+]234([O-](C)[Ir+]1567[CH]=8CC[CH]7=[CH]6CC[CH]85)[CH]=9CC[CH]4=[CH]3CC[CH]92,0.015,,,N=1C=CC(=CC1C=2N=CC=C(C2)C(C)(C)C)C(C)(C)C,0.035,,,,,O1CCCC1,1,,,CCOC(=O)c1ncc(B2OC(C)(C)C(C)(C)O2)cc1C,0.99,Isolated,,,,"('N=1C=CC(=CC1C=2N=CC=C(C2)C(C)(C)C)C(C)(C)C', 'O1B(OC(C)(C)C1(C)C)B2OC(C)(C)C(O2)(C)C', '[O-]1(C)[Ir+]234([O-](C)[Ir+]1567[CH]=8CC[CH]7=[CH]6CC[CH]85)[CH]=9CC[CH]4=[CH]3CC[CH]92')",14,CCOC(=O)c1ncccc1C,Bc1cnc(C(=O)OCC)c(C)c1,99,
15,15,15,10.1021/jacs.7b04490,borylation,80,12,n2,0.0002,0.2,CCOC(=O)c1ccc2c(ccn2C)c1,CCOC(=O)c1ccc2c(ccn2C)c1,1,O1B(OC(C)(C)C1(C)C)B2OC(C)(C)C(O2)(C)C,1,,,,,,,[O-]1(C)[Ir+]234([O-](C)[Ir+]1567[CH]=8CC[CH]7=[CH]6CC[CH]85)[CH]=9CC[CH]4=[CH]3CC[CH]92,0.015,,,N=1C=CC(=CC1C=2N=CC=C(C2)C(C)(C)C)C(C)(C)C,0.035,,,,,O1CCCC1,1,,,CCOC(=O)c1ccc2c(c1)cc(B1OC(C)(C)C(C)(C)O1)n2C,0.96,Isolated,,,,"('N=1C=CC(=CC1C=2N=CC=C(C2)C(C)(C)C)C(C)(C)C', 'O1B(OC(C)(C)C1(C)C)B2OC(C)(C)C(O2)(C)C', '[O-]1(C)[Ir+]234([O-](C)[Ir+]1567[CH]=8CC[CH]7=[CH]6CC[CH]85)[CH]=9CC[CH]4=[CH]3CC[CH]92')",15,CCOC(=O)c1ccc2c(ccn2C)c1,Bc1cc2cc(C(=O)OCC)ccc2n1C,96,
16,16,16,10.1021/jacs.7b04490,borylation,80,12,n2,0.0002,0.2,CCOC(=O)c1cccnc1C(=O)OCC,CCOC(=O)c1cccnc1C(=O)OCC,1,O1B(OC(C)(C)C1(C)C)B2OC(C)(C)C(O2)(C)C,1,,,,,,,[O-]1(C)[Ir+]234([O-](C)[Ir+]1567[CH]=8CC[CH]7=[CH]6CC[CH]85)[CH]=9CC[CH]4=[CH]3CC[CH]92,0.015,,,N=1C=CC(=CC1C=2N=CC=C(C2)C(C)(C)C)C(C)(C)C,0.035,,,,,O1CCCC1,1,,,CCOC(=O)c1cc(B2OC(C)(C)C(C)(C)O2)cnc1C(=O)OCC,0.95,Isolated,,,,"('N=1C=CC(=CC1C=2N=CC=C(C2)C(C)(C)C)C(C)(C)C', 'O1B(OC(C)(C)C1(C)C)B2OC(C)(C)C(O2)(C)C', '[O-]1(C)[Ir+]234([O-](C)[Ir+]1567[CH]=8CC[CH]7=[CH]6CC[CH]85)[CH]=9CC[CH]4=[CH]3CC[CH]92')",16,CCOC(=O)c1cccnc1C(=O)OCC,Bc1cnc(C(=O)OCC)c(C(=O)OCC)c1,95,
17,17,17,10.1021/jacs.7b04490,borylation,80,12,n2,0.0002,0.2,CCOC(=O)c1cccc2cc[nH]c12,CCOC(=O)c1cccc2cc[nH]c12,1,O1B(OC(C)(C)C1(C)C)B2OC(C)(C)C(O2)(C)C,1,,,,,,,[O-]1(C)[Ir+]234([O-](C)[Ir+]1567[CH]=8CC[CH]7=[CH]6CC[CH]85)[CH]=9CC[CH]4=[CH]3CC[CH]92,0.015,,,N=1C=CC(=CC1C=2N=CC=C(C2)C(C)(C)C)C(C)(C)C,0.035,,,,,O1CCCC1,1,,,CCOC(=O)c1cccc2cc(B3OC(C)(C)C(C)(C)O3)[nH]c12,0.91,Isolated,,,,"('N=1C=CC(=CC1C=2N=CC=C(C2)C(C)(C)C)C(C)(C)C', 'O1B(OC(C)(C)C1(C)C)B2OC(C)(C)C(O2)(C)C', '[O-]1(C)[Ir+]234([O-](C)[Ir+]1567[CH]=8CC[CH]7=[CH]6CC[CH]85)[CH]=9CC[CH]4=[CH]3CC[CH]92')",17,CCOC(=O)c1cccc2cc[nH]c12,Bc1cc2cccc(C(=O)OCC)c2[nH]1,91,
18,18,18,10.1038/nchem.2322,borylation,25,16,ar,0.00025,0.166667,CCCCCCN(CCCCCC)C(=O)c1ccccc1,CCCCCCN(CCCCCC)C(=O)c1ccccc1,1,O1B(OC(C)(C)C1(C)C)B2OC(C)(C)C(O2)(C)C,0.75,,,,,,,[O-]1(C)[Ir+]234([O-](C)[Ir+]1567[CH]=8CC[CH]7=[CH]6CC[CH]85)[CH]=9CC[CH]4=[CH]3CC[CH]92,0.0075,,,N=1C=CC(=CC1C=2N=CC=C(C2)C(C)(C)C)C(C)(C)C,0.015,,,,,C=1C=C(C=CC1C)C,1,,,CCCCCCN(CCCCCC)C(=O)c1cccc(B2OC(C)(C)C(C)(C)O2)c1,0.44,1H-NMR,CCCCCCN(CCCCCC)C(=O)c1ccc(B2OC(C)(C)C(C)(C)O2)cc1,0.23,,"('N=1C=CC(=CC1C=2N=CC=C(C2)C(C)(C)C)C(C)(C)C', 'O1B(OC(C)(C)C1(C)C)B2OC(C)(C)C(O2)(C)C', '[O-]1(C)[Ir+]234([O-](C)[Ir+]1567[CH]=8CC[CH]7=[CH]6CC[CH]85)[CH]=9CC[CH]4=[CH]3CC[CH]92')",18,CCCCCCN(CCCCCC)C(=O)c1ccccc1,Bc1cccc(C(=O)N(CCCCCC)CCCCCC)c1,44,
19,19,19,10.1038/nchem.2322,borylation,25,16,ar,0.00025,0.166667,CCCCCCN(CCCCCC)C(=O)c1ccccc1OC,CCCCCCN(CCCCCC)C(=O)c1ccccc1OC,1,O1B(OC(C)(C)C1(C)C)B2OC(C)(C)C(O2)(C)C,1.5,,,,,,,[O-]1(C)[Ir+]234([O-](C)[Ir+]1567[CH]=8CC[CH]7=[CH]6CC[CH]85)[CH]=9CC[CH]4=[CH]3CC[CH]92,0.015,,,N=1C=CC(=CC1C=2N=CC=C(C2)C(C)(C)C)C(C)(C)C,0.03,,,,,C=1C=C(C=CC1C)C,1,,,CCCCCCN(CCCCCC)C(=O)c1cc(B2OC(C)(C)C(C)(C)O2)ccc1OC,0.13,1H-NMR,CCCCCCN(CCCCCC)C(=O)c1ccc(B2OC(C)(C)C(C)(C)O2)cc1OC,0.27,,"('N=1C=CC(=CC1C=2N=CC=C(C2)C(C)(C)C)C(C)(C)C', 'O1B(OC(C)(C)C1(C)C)B2OC(C)(C)C(O2)(C)C', '[O-]1(C)[Ir+]234([O-](C)[Ir+]1567[CH]=8CC[CH]7=[CH]6CC[CH]85)[CH]=9CC[CH]4=[CH]3CC[CH]92')",19,CCCCCCN(CCCCCC)C(=O)c1ccccc1OC,Bc1ccc(OC)c(C(=O)N(CCCCCC)CCCCCC)c1,13,
20,20,20,10.1038/nchem.2322,borylation,25,16,ar,0.00025,0.166667,CCCCCCN(CCCCCC)C(=O)c1ccccc1Br,CCCCCCN(CCCCCC)C(=O)c1ccccc1Br,1,O1B(OC(C)(C)C1(C)C)B2OC(C)(C)C(O2)(C)C,1.5,,,,,,,[O-]1(C)[Ir+]234([O-](C)[Ir+]1567[CH]=8CC[CH]7=[CH]6CC[CH]85)[CH]=9CC[CH]4=[CH]3CC[CH]92,0.015,,,N=1C=CC(=CC1C=2N=CC=C(C2)C(C)(C)C)C(C)(C)C,0.03,,,,,C=1C=C(C=CC1C)C,1,,,CCCCCCN(CCCCCC)C(=O)c1cc(B2OC(C)(C)C(C)(C)O2)ccc1Br,0.31,1H-NMR,CCCCCCN(CCCCCC)C(=O)c1ccc(B2OC(C)(C)C(C)(C)O2)cc1Br,0.66,,"('N=1C=CC(=CC1C=2N=CC=C(C2)C(C)(C)C)C(C)(C)C', 'O1B(OC(C)(C)C1(C)C)B2OC(C)(C)C(O2)(C)C', '[O-]1(C)[Ir+]234([O-](C)[Ir+]1567[CH]=8CC[CH]7=[CH]6CC[CH]85)[CH]=9CC[CH]4=[CH]3CC[CH]92')",20,CCCCCCN(CCCCCC)C(=O)c1ccccc1Br,Bc1ccc(Br)c(C(=O)N(CCCCCC)CCCCCC)c1,31,
21,21,21,10.1038/nchem.2322,borylation,25,16,ar,0.00025,0.166667,CCCCCCN(CCCCCC)C(=O)c1ccccc1Cl,CCCCCCN(CCCCCC)C(=O)c1ccccc1Cl,1,O1B(OC(C)(C)C1(C)C)B2OC(C)(C)C(O2)(C)C,1.5,,,,,,,[O-]1(C)[Ir+]234([O-](C)[Ir+]1567[CH]=8CC[CH]7=[CH]6CC[CH]85)[CH]=9CC[CH]4=[CH]3CC[CH]92,0.015,,,N=1C=CC(=CC1C=2N=CC=C(C2)C(C)(C)C)C(C)(C)C,0.03,,,,,C=1C=C(C=CC1C)C,1,,,CCCCCCN(CCCCCC)C(=O)c1cc(B2OC(C)(C)C(C)(C)O2)ccc1Cl,0.38,1H-NMR,CCCCCCN(CCCCCC)C(=O)c1ccc(B2OC(C)(C)C(C)(C)O2)cc1Cl,0.61,,"('N=1C=CC(=CC1C=2N=CC=C(C2)C(C)(C)C)C(C)(C)C', 'O1B(OC(C)(C)C1(C)C)B2OC(C)(C)C(O2)(C)C', '[O-]1(C)[Ir+]234([O-](C)[Ir+]1567[CH]=8CC[CH]7=[CH]6CC[CH]85)[CH]=9CC[CH]4=[CH]3CC[CH]92')",21,CCCCCCN(CCCCCC)C(=O)c1ccccc1Cl,Bc1ccc(Cl)c(C(=O)N(CCCCCC)CCCCCC)c1,38,
22,22,22,10.1038/nchem.2322,borylation,25,16,ar,0.00025,0.166667,CCCCCCN(CCCCCC)C(=O)c1ccccc1C(F)(F)F,CCCCCCN(CCCCCC)C(=O)c1ccccc1C(F)(F)F,1,O1B(OC(C)(C)C1(C)C)B2OC(C)(C)C(O2)(C)C,1.5,,,,,,,[O-]1(C)[Ir+]234([O-](C)[Ir+]1567[CH]=8CC[CH]7=[CH]6CC[CH]85)[CH]=9CC[CH]4=[CH]3CC[CH]92,0.015,,,N=1C=CC(=CC1C=2N=CC=C(C2)C(C)(C)C)C(C)(C)C,0.03,,,,,C=1C=C(C=CC1C)C,1,,,CCCCCCN(CCCCCC)C(=O)c1cc(B2OC(C)(C)C(C)(C)O2)ccc1C(F)(F)F,0.46,1H-NMR,,,,"('N=1C=CC(=CC1C=2N=CC=C(C2)C(C)(C)C)C(C)(C)C', 'O1B(OC(C)(C)C1(C)C)B2OC(C)(C)C(O2)(C)C', '[O-]1(C)[Ir+]234([O-](C)[Ir+]1567[CH]=8CC[CH]7=[CH]6CC[CH]85)[CH]=9CC[CH]4=[CH]3CC[CH]92')",22,CCCCCCN(CCCCCC)C(=O)c1ccccc1C(F)(F)F,Bc1ccc(C(F)(F)F)c(C(=O)N(CCCCCC)CCCCCC)c1,46,
23,23,23,10.1038/nchem.2322,borylation,25,16,ar,0.00025,0.166667,CCCCCCN(CCCCCC)C(=O)c1ccccc1OC(F)(F)F,CCCCCCN(CCCCCC)C(=O)c1ccccc1OC(F)(F)F,1,O1B(OC(C)(C)C1(C)C)B2OC(C)(C)C(O2)(C)C,1.5,,,,,,,[O-]1(C)[Ir+]234([O-](C)[Ir+]1567[CH]=8CC[CH]7=[CH]6CC[CH]85)[CH]=9CC[CH]4=[CH]3CC[CH]92,0.015,,,N=1C=CC(=CC1C=2N=CC=C(C2)C(C)(C)C)C(C)(C)C,0.03,,,,,C=1C=C(C=CC1C)C,1,,,CCCCCCN(CCCCCC)C(=O)c1cc(B2OC(C)(C)C(C)(C)O2)ccc1OC(F)(F)F,0.2,1H-NMR,CCCCCCN(CCCCCC)C(=O)c1ccc(B2OC(C)(C)C(C)(C)O2)cc1OC(F)(F)F,0.79,,"('N=1C=CC(=CC1C=2N=CC=C(C2)C(C)(C)C)C(C)(C)C', 'O1B(OC(C)(C)C1(C)C)B2OC(C)(C)C(O2)(C)C', '[O-]1(C)[Ir+]234([O-](C)[Ir+]1567[CH]=8CC[CH]7=[CH]6CC[CH]85)[CH]=9CC[CH]4=[CH]3CC[CH]92')",23,CCCCCCN(CCCCCC)C(=O)c1ccccc1OC(F)(F)F,Bc1ccc(OC(F)(F)F)c(C(=O)N(CCCCCC)CCCCCC)c1,20,
24,24,24,10.1038/nchem.2322,borylation,25,16,ar,0.00025,0.166667,CCCCCCN(CCCCCC)C(=O)c1ccccc1C(=O)OC,CCCCCCN(CCCCCC)C(=O)c1ccccc1C(=O)OC,1,O1B(OC(C)(C)C1(C)C)B2OC(C)(C)C(O2)(C)C,1.5,,,,,,,[O-]1(C)[Ir+]234([O-](C)[Ir+]1567[CH]=8CC[CH]7=[CH]6CC[CH]85)[CH]=9CC[CH]4=[CH]3CC[CH]92,0.015,,,N=1C=CC(=CC1C=2N=CC=C(C2)C(C)(C)C)C(C)(C)C,0.03,,,,,C=1C=C(C=CC1C)C,1,,,CCCCCCN(CCCCCC)C(=O)c1cc(B2OC(C)(C)C(C)(C)O2)ccc1C(=O)OC,0.67,1H-NMR,,,,"('N=1C=CC(=CC1C=2N=CC=C(C2)C(C)(C)C)C(C)(C)C', 'O1B(OC(C)(C)C1(C)C)B2OC(C)(C)C(O2)(C)C', '[O-]1(C)[Ir+]234([O-](C)[Ir+]1567[CH]=8CC[CH]7=[CH]6CC[CH]85)[CH]=9CC[CH]4=[CH]3CC[CH]92')",24,CCCCCCN(CCCCCC)C(=O)c1ccccc1C(=O)OC,Bc1ccc(C(=O)OC)c(C(=O)N(CCCCCC)CCCCCC)c1,67,
25,25,25,10.1038/nchem.2322,borylation,35,24,ar,0.00025,0.166667,CN1Cc2ccccc2C1=O,CN1Cc2ccccc2C1=O,1,O1B(OC(C)(C)C1(C)C)B2OC(C)(C)C(O2)(C)C,1.5,,,,,,,[O-]1(C)[Ir+]234([O-](C)[Ir+]1567[CH]=8CC[CH]7=[CH]6CC[CH]85)[CH]=9CC[CH]4=[CH]3CC[CH]92,0.015,,,N=1C=CC(=CC1C=2N=CC=C(C2)C(C)(C)C)C(C)(C)C,0.03,,,,,C=1C=C(C=CC1C)C,1,,,CN1Cc2ccc(B3OC(C)(C)C(C)(C)O3)cc2C1=O,0.28,1H-NMR,CN1Cc2cc(B3OC(C)(C)C(C)(C)O3)ccc2C1=O,0.26,,"('N=1C=CC(=CC1C=2N=CC=C(C2)C(C)(C)C)C(C)(C)C', 'O1B(OC(C)(C)C1(C)C)B2OC(C)(C)C(O2)(C)C', '[O-]1(C)[Ir+]234([O-](C)[Ir+]1567[CH]=8CC[CH]7=[CH]6CC[CH]85)[CH]=9CC[CH]4=[CH]3CC[CH]92')",25,CN1Cc2ccccc2C1=O,Bc1ccc2c(c1)C(=O)N(C)C2,28,
26,26,26,10.1038/nchem.2322,borylation,25,16,ar,0.00025,0.166667,CN(C)C(=O)c1ccccc1,CN(C)C(=O)c1ccccc1,1,O1B(OC(C)(C)C1(C)C)B2OC(C)(C)C(O2)(C)C,1,,,,,,,[O-]1(C)[Ir+]234([O-](C)[Ir+]1567[CH]=8CC[CH]7=[CH]6CC[CH]85)[CH]=9CC[CH]4=[CH]3CC[CH]92,0.015,,,N=1C=CC(=CC1C=2N=CC=C(C2)C(C)(C)C)C(C)(C)C,0.03,,,,,C=1C=C(C=CC1C)C,1,,,CN(C)C(=O)c1cccc(B2OC(C)(C)C(C)(C)O2)c1,0.29,1H-NMR,CN(C)C(=O)c1ccc(B2OC(C)(C)C(C)(C)O2)cc1,0.2,,"('N=1C=CC(=CC1C=2N=CC=C(C2)C(C)(C)C)C(C)(C)C', 'O1B(OC(C)(C)C1(C)C)B2OC(C)(C)C(O2)(C)C', '[O-]1(C)[Ir+]234([O-](C)[Ir+]1567[CH]=8CC[CH]7=[CH]6CC[CH]85)[CH]=9CC[CH]4=[CH]3CC[CH]92')",26,CN(C)C(=O)c1ccccc1,Bc1cccc(C(=O)N(C)C)c1,29,
27,27,27,10.1038/nchem.2322,borylation,25,16,ar,0.00025,0.166667,O=C(c1ccccc1)N1CCCCC1,O=C(c1ccccc1)N1CCCCC1,1,O1B(OC(C)(C)C1(C)C)B2OC(C)(C)C(O2)(C)C,1,,,,,,,[O-]1(C)[Ir+]234([O-](C)[Ir+]1567[CH]=8CC[CH]7=[CH]6CC[CH]85)[CH]=9CC[CH]4=[CH]3CC[CH]92,0.015,,,N=1C=CC(=CC1C=2N=CC=C(C2)C(C)(C)C)C(C)(C)C,0.03,,,,,C=1C=C(C=CC1C)C,1,,,CC1(C)OB(c2cccc(C(=O)N3CCCCC3)c2)OC1(C)C,0.24,1H-NMR,CC1(C)OB(c2ccc(C(=O)N3CCCCC3)cc2)OC1(C)C,0.16,,"('N=1C=CC(=CC1C=2N=CC=C(C2)C(C)(C)C)C(C)(C)C', 'O1B(OC(C)(C)C1(C)C)B2OC(C)(C)C(O2)(C)C', '[O-]1(C)[Ir+]234([O-](C)[Ir+]1567[CH]=8CC[CH]7=[CH]6CC[CH]85)[CH]=9CC[CH]4=[CH]3CC[CH]92')",27,O=C(c1ccccc1)N1CCCCC1,Bc1cccc(C(=O)N2CCCCC2)c1,24,
28,28,28,10.1038/nchem.2322,borylation,25,16,ar,0.00025,0.166667,O=C(c1ccccc1Br)N1CCOCC1,O=C(c1ccccc1Br)N1CCOCC1,1,O1B(OC(C)(C)C1(C)C)B2OC(C)(C)C(O2)(C)C,1.5,,,,,,,[O-]1(C)[Ir+]234([O-](C)[Ir+]1567[CH]=8CC[CH]7=[CH]6CC[CH]85)[CH]=9CC[CH]4=[CH]3CC[CH]92,0.015,,,N=1C=CC(=CC1C=2N=CC=C(C2)C(C)(C)C)C(C)(C)C,0.03,,,,,C=1C=C(C=CC1C)C,1,,,CC1(C)OB(c2ccc(Br)c(C(=O)N3CCOCC3)c2)OC1(C)C,0.02,1H-NMR,CC1(C)OB(c2ccc(C(=O)N3CCOCC3)c(Br)c2)OC1(C)C,0.03,,"('N=1C=CC(=CC1C=2N=CC=C(C2)C(C)(C)C)C(C)(C)C', 'O1B(OC(C)(C)C1(C)C)B2OC(C)(C)C(O2)(C)C', '[O-]1(C)[Ir+]234([O-](C)[Ir+]1567[CH]=8CC[CH]7=[CH]6CC[CH]85)[CH]=9CC[CH]4=[CH]3CC[CH]92')",28,O=C(c1ccccc1Br)N1CCOCC1,Bc1ccc(Br)c(C(=O)N2CCOCC2)c1,2,
29,29,29,10.1038/nchem.2322,borylation,25,16,ar,0.00025,0.166667,O=C(c1ccccc1)N1CCCCCC1,O=C(c1ccccc1)N1CCCCCC1,1,O1B(OC(C)(C)C1(C)C)B2OC(C)(C)C(O2)(C)C,1,,,,,,,[O-]1(C)[Ir+]234([O-](C)[Ir+]1567[CH]=8CC[CH]7=[CH]6CC[CH]85)[CH]=9CC[CH]4=[CH]3CC[CH]92,0.015,,,N=1C=CC(=CC1C=2N=CC=C(C2)C(C)(C)C)C(C)(C)C,0.03,,,,,C=1C=C(C=CC1C)C,1,,,CC1(C)OB(c2cccc(C(=O)N3CCCCCC3)c2)OC1(C)C,0.31,1H-NMR,CC1(C)OB(c2ccc(C(=O)N3CCCCCC3)cc2)OC1(C)C,0.14,,"('N=1C=CC(=CC1C=2N=CC=C(C2)C(C)(C)C)C(C)(C)C', 'O1B(OC(C)(C)C1(C)C)B2OC(C)(C)C(O2)(C)C', '[O-]1(C)[Ir+]234([O-](C)[Ir+]1567[CH]=8CC[CH]7=[CH]6CC[CH]85)[CH]=9CC[CH]4=[CH]3CC[CH]92')",29,O=C(c1ccccc1)N1CCCCCC1,Bc1cccc(C(=O)N2CCCCCC2)c1,31,
30,30,30,10.1038/nchem.2322,borylation,25,16,ar,0.00025,0.166667,CCCCCCN(CCCCCC)C(=O)c1cccc(F)c1,CCCCCCN(CCCCCC)C(=O)c1cccc(F)c1,1,O1B(OC(C)(C)C1(C)C)B2OC(C)(C)C(O2)(C)C,1.5,,,,,,,[O-]1(C)[Ir+]234([O-](C)[Ir+]1567[CH]=8CC[CH]7=[CH]6CC[CH]85)[CH]=9CC[CH]4=[CH]3CC[CH]92,0.015,,,N=1C=CC(=CC1C=2N=CC=C(C2)C(C)(C)C)C(C)(C)C,0.03,,,,,C=1C=C(C=CC1C)C,1,,,CCCCCCN(CCCCCC)C(=O)c1cc(F)cc(B2OC(C)(C)C(C)(C)O2)c1,0.5,1H-NMR,CCCCCCN(CCCCCC)C(=O)c1ccc(B2OC(C)(C)C(C)(C)O2)c(F)c1,0.5,,"('N=1C=CC(=CC1C=2N=CC=C(C2)C(C)(C)C)C(C)(C)C', 'O1B(OC(C)(C)C1(C)C)B2OC(C)(C)C(O2)(C)C', '[O-]1(C)[Ir+]234([O-](C)[Ir+]1567[CH]=8CC[CH]7=[CH]6CC[CH]85)[CH]=9CC[CH]4=[CH]3CC[CH]92')",30,CCCCCCN(CCCCCC)C(=O)c1cccc(F)c1,Bc1cc(F)cc(C(=O)N(CCCCCC)CCCCCC)c1,50,
31,31,31,10.1038/nchem.2322,borylation,25,16,ar,0.00025,0.166667,CCCCCCN(CCCCCC)C(=O)c1cccc(Br)c1,CCCCCCN(CCCCCC)C(=O)c1cccc(Br)c1,1,O1B(OC(C)(C)C1(C)C)B2OC(C)(C)C(O2)(C)C,1.5,,,,,,,[O-]1(C)[Ir+]234([O-](C)[Ir+]1567[CH]=8CC[CH]7=[CH]6CC[CH]85)[CH]=9CC[CH]4=[CH]3CC[CH]92,0.015,,,N=1C=CC(=CC1C=2N=CC=C(C2)C(C)(C)C)C(C)(C)C,0.03,,,,,C=1C=C(C=CC1C)C,1,,,CCCCCCN(CCCCCC)C(=O)c1cc(Br)cc(B2OC(C)(C)C(C)(C)O2)c1,0.99,1H-NMR,,,,"('N=1C=CC(=CC1C=2N=CC=C(C2)C(C)(C)C)C(C)(C)C', 'O1B(OC(C)(C)C1(C)C)B2OC(C)(C)C(O2)(C)C', '[O-]1(C)[Ir+]234([O-](C)[Ir+]1567[CH]=8CC[CH]7=[CH]6CC[CH]85)[CH]=9CC[CH]4=[CH]3CC[CH]92')",31,CCCCCCN(CCCCCC)C(=O)c1cccc(Br)c1,Bc1cc(Br)cc(C(=O)N(CCCCCC)CCCCCC)c1,99,
32,32,32,10.1038/nchem.2322,borylation,25,16,ar,0.00025,0.166667,CCCCCCN(CCCCCC)C(=O)c1cccc(-c2ccccc2)c1,CCCCCCN(CCCCCC)C(=O)c1cccc(-c2ccccc2)c1,1,O1B(OC(C)(C)C1(C)C)B2OC(C)(C)C(O2)(C)C,1.5,,,,,,,[O-]1(C)[Ir+]234([O-](C)[Ir+]1567[CH]=8CC[CH]7=[CH]6CC[CH]85)[CH]=9CC[CH]4=[CH]3CC[CH]92,0.015,,,N=1C=CC(=CC1C=2N=CC=C(C2)C(C)(C)C)C(C)(C)C,0.03,,,,,C=1C=C(C=CC1C)C,1,,,CCCCCCN(CCCCCC)C(=O)c1cc(B2OC(C)(C)C(C)(C)O2)cc(-c2ccccc2)c1,0.99,1H-NMR,,,,"('N=1C=CC(=CC1C=2N=CC=C(C2)C(C)(C)C)C(C)(C)C', 'O1B(OC(C)(C)C1(C)C)B2OC(C)(C)C(O2)(C)C', '[O-]1(C)[Ir+]234([O-](C)[Ir+]1567[CH]=8CC[CH]7=[CH]6CC[CH]85)[CH]=9CC[CH]4=[CH]3CC[CH]92')",32,CCCCCCN(CCCCCC)C(=O)c1cccc(-c2ccccc2)c1,Bc1cc(C(=O)N(CCCCCC)CCCCCC)cc(-c2ccccc2)c1,99,
33,33,33,10.1038/nchem.2322,borylation,25,16,ar,0.00025,0.166667,CCCCCCN(CCCCCC)C(=O)c1cccc(C#N)c1,CCCCCCN(CCCCCC)C(=O)c1cccc(C#N)c1,1,O1B(OC(C)(C)C1(C)C)B2OC(C)(C)C(O2)(C)C,1.5,,,,,,,[O-]1(C)[Ir+]234([O-](C)[Ir+]1567[CH]=8CC[CH]7=[CH]6CC[CH]85)[CH]=9CC[CH]4=[CH]3CC[CH]92,0.015,,,N=1C=CC(=CC1C=2N=CC=C(C2)C(C)(C)C)C(C)(C)C,0.03,,,,,C=1C=C(C=CC1C)C,1,,,CCCCCCN(CCCCCC)C(=O)c1cc(C#N)cc(B2OC(C)(C)C(C)(C)O2)c1,0.69,1H-NMR,,,,"('N=1C=CC(=CC1C=2N=CC=C(C2)C(C)(C)C)C(C)(C)C', 'O1B(OC(C)(C)C1(C)C)B2OC(C)(C)C(O2)(C)C', '[O-]1(C)[Ir+]234([O-](C)[Ir+]1567[CH]=8CC[CH]7=[CH]6CC[CH]85)[CH]=9CC[CH]4=[CH]3CC[CH]92')",33,CCCCCCN(CCCCCC)C(=O)c1cccc(C#N)c1,Bc1cc(C#N)cc(C(=O)N(CCCCCC)CCCCCC)c1,69,
34,34,34,10.1038/nchem.2322,borylation,25,16,ar,0.00025,0.166667,CCCCCCN(CCCCCC)C(=O)c1cccc(Cl)c1Cl,CCCCCCN(CCCCCC)C(=O)c1cccc(Cl)c1Cl,1,O1B(OC(C)(C)C1(C)C)B2OC(C)(C)C(O2)(C)C,1.5,,,,,,,[O-]1(C)[Ir+]234([O-](C)[Ir+]1567[CH]=8CC[CH]7=[CH]6CC[CH]85)[CH]=9CC[CH]4=[CH]3CC[CH]92,0.015,,,N=1C=CC(=CC1C=2N=CC=C(C2)C(C)(C)C)C(C)(C)C,0.03,,,,,C=1C=C(C=CC1C)C,1,,,CCCCCCN(CCCCCC)C(=O)c1cc(B2OC(C)(C)C(C)(C)O2)cc(Cl)c1Cl,0.99,1H-NMR,,,,"('N=1C=CC(=CC1C=2N=CC=C(C2)C(C)(C)C)C(C)(C)C', 'O1B(OC(C)(C)C1(C)C)B2OC(C)(C)C(O2)(C)C', '[O-]1(C)[Ir+]234([O-](C)[Ir+]1567[CH]=8CC[CH]7=[CH]6CC[CH]85)[CH]=9CC[CH]4=[CH]3CC[CH]92')",34,CCCCCCN(CCCCCC)C(=O)c1cccc(Cl)c1Cl,Bc1cc(Cl)c(Cl)c(C(=O)N(CCCCCC)CCCCCC)c1,99,
35,35,35,10.1038/nchem.2322,borylation,25,16,ar,0.00025,0.166667,CCCCCCN(CCCCCC)C(=O)c1cccc(C(F)(F)F)c1F,CCCCCCN(CCCCCC)C(=O)c1cccc(C(F)(F)F)c1F,1,O1B(OC(C)(C)C1(C)C)B2OC(C)(C)C(O2)(C)C,1.5,,,,,,,[O-]1(C)[Ir+]234([O-](C)[Ir+]1567[CH]=8CC[CH]7=[CH]6CC[CH]85)[CH]=9CC[CH]4=[CH]3CC[CH]92,0.015,,,N=1C=CC(=CC1C=2N=CC=C(C2)C(C)(C)C)C(C)(C)C,0.03,,,,,C=1C=C(C=CC1C)C,1,,,CCCCCCN(CCCCCC)C(=O)c1cc(B2OC(C)(C)C(C)(C)O2)cc(C(F)(F)F)c1F,0.99,1H-NMR,,,,"('N=1C=CC(=CC1C=2N=CC=C(C2)C(C)(C)C)C(C)(C)C', 'O1B(OC(C)(C)C1(C)C)B2OC(C)(C)C(O2)(C)C', '[O-]1(C)[Ir+]234([O-](C)[Ir+]1567[CH]=8CC[CH]7=[CH]6CC[CH]85)[CH]=9CC[CH]4=[CH]3CC[CH]92')",35,CCCCCCN(CCCCCC)C(=O)c1cccc(C(F)(F)F)c1F,Bc1cc(C(=O)N(CCCCCC)CCCCCC)c(F)c(C(F)(F)F)c1,99,
36,36,36,10.1038/nchem.2322,borylation,25,16,ar,0.00025,0.166667,CCCCCCN(CCCCCC)C(=O)c1cccs1,CCCCCCN(CCCCCC)C(=O)c1cccs1,1,O1B(OC(C)(C)C1(C)C)B2OC(C)(C)C(O2)(C)C,1.5,,,,,,,[O-]1(C)[Ir+]234([O-](C)[Ir+]1567[CH]=8CC[CH]7=[CH]6CC[CH]85)[CH]=9CC[CH]4=[CH]3CC[CH]92,0.015,,,N=1C=CC(=CC1C=2N=CC=C(C2)C(C)(C)C)C(C)(C)C,0.03,,,,,C=1C=C(C=CC1C)C,1,,,CCCCCCN(CCCCCC)C(=O)c1ccc(B2OC(C)(C)C(C)(C)O2)s1,0.9,1H-NMR,,,,"('N=1C=CC(=CC1C=2N=CC=C(C2)C(C)(C)C)C(C)(C)C', 'O1B(OC(C)(C)C1(C)C)B2OC(C)(C)C(O2)(C)C', '[O-]1(C)[Ir+]234([O-](C)[Ir+]1567[CH]=8CC[CH]7=[CH]6CC[CH]85)[CH]=9CC[CH]4=[CH]3CC[CH]92')",36,CCCCCCN(CCCCCC)C(=O)c1cccs1,Bc1ccc(C(=O)N(CCCCCC)CCCCCC)s1,90,
37,37,37,10.1038/nchem.2322,borylation,25,16,ar,0.00025,0.166667,CCCCCCN(CCCCCC)C(=O)c1ccc[nH]1,CCCCCCN(CCCCCC)C(=O)c1ccc[nH]1,1,O1B(OC(C)(C)C1(C)C)B2OC(C)(C)C(O2)(C)C,1.5,,,,,,,[O-]1(C)[Ir+]234([O-](C)[Ir+]1567[CH]=8CC[CH]7=[CH]6CC[CH]85)[CH]=9CC[CH]4=[CH]3CC[CH]92,0.015,,,N=1C=CC(=CC1C=2N=CC=C(C2)C(C)(C)C)C(C)(C)C,0.03,,,,,C=1C=C(C=CC1C)C,1,,,CCCCCCN(CCCCCC)C(=O)c1ccc(B2OC(C)(C)C(C)(C)O2)[nH]1,0.96,1H-NMR,,,,"('N=1C=CC(=CC1C=2N=CC=C(C2)C(C)(C)C)C(C)(C)C', 'O1B(OC(C)(C)C1(C)C)B2OC(C)(C)C(O2)(C)C', '[O-]1(C)[Ir+]234([O-](C)[Ir+]1567[CH]=8CC[CH]7=[CH]6CC[CH]85)[CH]=9CC[CH]4=[CH]3CC[CH]92')",37,CCCCCCN(CCCCCC)C(=O)c1ccc[nH]1,Bc1ccc(C(=O)N(CCCCCC)CCCCCC)[nH]1,96,
38,38,38,10.1038/nchem.2322,borylation,25,16,ar,0.00025,0.166667,CCCCCCN(CCCCCC)C(=O)c1cccn1C,CCCCCCN(CCCCCC)C(=O)c1cccn1C,1,O1B(OC(C)(C)C1(C)C)B2OC(C)(C)C(O2)(C)C,1.5,,,,,,,[O-]1(C)[Ir+]234([O-](C)[Ir+]1567[CH]=8CC[CH]7=[CH]6CC[CH]85)[CH]=9CC[CH]4=[CH]3CC[CH]92,0.015,,,N=1C=CC(=CC1C=2N=CC=C(C2)C(C)(C)C)C(C)(C)C,0.03,,,,,C=1C=C(C=CC1C)C,1,,,CCCCCCN(CCCCCC)C(=O)c1ccc(B2OC(C)(C)C(C)(C)O2)n1C,0.66,1H-NMR,CCCCCCN(CCCCCC)C(=O)c1cc(B2OC(C)(C)C(C)(C)O2)cn1C,0.29,,"('N=1C=CC(=CC1C=2N=CC=C(C2)C(C)(C)C)C(C)(C)C', 'O1B(OC(C)(C)C1(C)C)B2OC(C)(C)C(O2)(C)C', '[O-]1(C)[Ir+]234([O-](C)[Ir+]1567[CH]=8CC[CH]7=[CH]6CC[CH]85)[CH]=9CC[CH]4=[CH]3CC[CH]92')",38,CCCCCCN(CCCCCC)C(=O)c1cccn1C,Bc1ccc(C(=O)N(CCCCCC)CCCCCC)n1C,66,
39,39,39,10.1038/nchem.2322,borylation,25,24,ar,0.00025,0.166667,CCCCCCN(CCCCCC)C(=O)c1cc2ccccc2[nH]1,CCCCCCN(CCCCCC)C(=O)c1cc2ccccc2[nH]1,1,O1B(OC(C)(C)C1(C)C)B2OC(C)(C)C(O2)(C)C,1.5,,,,,,,[O-]1(C)[Ir+]234([O-](C)[Ir+]1567[CH]=8CC[CH]7=[CH]6CC[CH]85)[CH]=9CC[CH]4=[CH]3CC[CH]92,0.02,,,N=1C=CC(=CC1C=2N=CC=C(C2)C(C)(C)C)C(C)(C)C,0.04,,,,,C=1C=C(C=CC1C)C,1,,,CCCCCCN(CCCCCC)C(=O)c1cc2cccc(B3OC(C)(C)C(C)(C)O3)c2[nH]1,0.89,1H-NMR,,,,"('N=1C=CC(=CC1C=2N=CC=C(C2)C(C)(C)C)C(C)(C)C', 'O1B(OC(C)(C)C1(C)C)B2OC(C)(C)C(O2)(C)C', '[O-]1(C)[Ir+]234([O-](C)[Ir+]1567[CH]=8CC[CH]7=[CH]6CC[CH]85)[CH]=9CC[CH]4=[CH]3CC[CH]92')",39,CCCCCCN(CCCCCC)C(=O)c1cc2ccccc2[nH]1,Bc1cccc2cc(C(=O)N(CCCCCC)CCCCCC)[nH]c12,89,
40,40,40,10.1038/nchem.2322,borylation,25,16,ar,0.00025,0.166667,CN(C)C(=O)c1ccccn1,CN(C)C(=O)c1ccccn1,1,O1B(OC(C)(C)C1(C)C)B2OC(C)(C)C(O2)(C)C,1.5,,,,,,,[O-]1(C)[Ir+]234([O-](C)[Ir+]1567[CH]=8CC[CH]7=[CH]6CC[CH]85)[CH]=9CC[CH]4=[CH]3CC[CH]92,0.015,,,N=1C=CC(=CC1C=2N=CC=C(C2)C(C)(C)C)C(C)(C)C,0.03,,,,,C=1C=C(C=CC1C)C,1,,,CN(C)C(=O)c1cc(B2OC(C)(C)C(C)(C)O2)ccn1,0.58,1H-NMR,CN(C)C(=O)c1ccc(B2OC(C)(C)C(C)(C)O2)cn1,0.3,,"('N=1C=CC(=CC1C=2N=CC=C(C2)C(C)(C)C)C(C)(C)C', 'O1B(OC(C)(C)C1(C)C)B2OC(C)(C)C(O2)(C)C', '[O-]1(C)[Ir+]234([O-](C)[Ir+]1567[CH]=8CC[CH]7=[CH]6CC[CH]85)[CH]=9CC[CH]4=[CH]3CC[CH]92')",40,CN(C)C(=O)c1ccccn1,Bc1ccnc(C(=O)N(C)C)c1,58,
41,41,41,10.1038/nchem.2322,borylation,25,16,ar,0.00025,0.166667,CCOC(=O)c1ccccn1,CCOC(=O)c1ccccn1,1,O1B(OC(C)(C)C1(C)C)B2OC(C)(C)C(O2)(C)C,1.5,,,,,,,[O-]1(C)[Ir+]234([O-](C)[Ir+]1567[CH]=8CC[CH]7=[CH]6CC[CH]85)[CH]=9CC[CH]4=[CH]3CC[CH]92,0.015,,,N=1C=CC(=CC1C=2N=CC=C(C2)C(C)(C)C)C(C)(C)C,0.03,,,,,C=1C=C(C=CC1C)C,1,,,CCOC(=O)c1cc(B2OC(C)(C)C(C)(C)O2)ccn1,0.52,1H-NMR,CCOC(=O)c1ccc(B2OC(C)(C)C(C)(C)O2)cn1,0.4,,"('N=1C=CC(=CC1C=2N=CC=C(C2)C(C)(C)C)C(C)(C)C', 'O1B(OC(C)(C)C1(C)C)B2OC(C)(C)C(O2)(C)C', '[O-]1(C)[Ir+]234([O-](C)[Ir+]1567[CH]=8CC[CH]7=[CH]6CC[CH]85)[CH]=9CC[CH]4=[CH]3CC[CH]92')",41,CCOC(=O)c1ccccn1,Bc1ccnc(C(=O)OCC)c1,52,
42,42,42,10.1038/nchem.2322,borylation,25,16,ar,0.00025,0.166667,CCOC(=O)Cc1ccccn1,CCOC(=O)Cc1ccccn1,1,O1B(OC(C)(C)C1(C)C)B2OC(C)(C)C(O2)(C)C,1.5,,,,,,,[O-]1(C)[Ir+]234([O-](C)[Ir+]1567[CH]=8CC[CH]7=[CH]6CC[CH]85)[CH]=9CC[CH]4=[CH]3CC[CH]92,0.015,,,N=1C=CC(=CC1C=2N=CC=C(C2)C(C)(C)C)C(C)(C)C,0.03,,,,,C=1C=C(C=CC1C)C,1,,,CCOC(=O)Cc1cc(B2OC(C)(C)C(C)(C)O2)ccn1,0.29,1H-NMR,CCOC(=O)Cc1ccc(B2OC(C)(C)C(C)(C)O2)cn1,0.6,,"('N=1C=CC(=CC1C=2N=CC=C(C2)C(C)(C)C)C(C)(C)C', 'O1B(OC(C)(C)C1(C)C)B2OC(C)(C)C(O2)(C)C', '[O-]1(C)[Ir+]234([O-](C)[Ir+]1567[CH]=8CC[CH]7=[CH]6CC[CH]85)[CH]=9CC[CH]4=[CH]3CC[CH]92')",42,CCOC(=O)Cc1ccccn1,Bc1ccnc(CC(=O)OCC)c1,29,
43,43,43,10.1038/nchem.2322,borylation,40,6,ar,0.00025,0.166667,CCOP(=O)(OCC)c1ccccc1,CCOP(=O)(OCC)c1ccccc1,1,O1B(OC(C)(C)C1(C)C)B2OC(C)(C)C(O2)(C)C,1,,,,,,,[O-]1(C)[Ir+]234([O-](C)[Ir+]1567[CH]=8CC[CH]7=[CH]6CC[CH]85)[CH]=9CC[CH]4=[CH]3CC[CH]92,0.015,,,N=1C=CC(=CC1C=2N=CC=C(C2)C(C)(C)C)C(C)(C)C,0.03,,,,,C=1C=C(C=CC1C)C,1,,,CCOP(=O)(OCC)c1cccc(B2OC(C)(C)C(C)(C)O2)c1,0.37,1H-NMR,CCOP(=O)(OCC)c1ccc(B2OC(C)(C)C(C)(C)O2)cc1,0.24,,"('N=1C=CC(=CC1C=2N=CC=C(C2)C(C)(C)C)C(C)(C)C', 'O1B(OC(C)(C)C1(C)C)B2OC(C)(C)C(O2)(C)C', '[O-]1(C)[Ir+]234([O-](C)[Ir+]1567[CH]=8CC[CH]7=[CH]6CC[CH]85)[CH]=9CC[CH]4=[CH]3CC[CH]92')",43,CCOP(=O)(OCC)c1ccccc1,Bc1cccc(P(=O)(OCC)OCC)c1,37,
44,44,44,10.1038/nchem.2322,borylation,40,16,ar,0.00025,0.166667,CCOP(=O)(OCC)c1ccccc1C,CCOP(=O)(OCC)c1ccccc1C,1,O1B(OC(C)(C)C1(C)C)B2OC(C)(C)C(O2)(C)C,1.5,,,,,,,[O-]1(C)[Ir+]234([O-](C)[Ir+]1567[CH]=8CC[CH]7=[CH]6CC[CH]85)[CH]=9CC[CH]4=[CH]3CC[CH]92,0.015,,,N=1C=CC(=CC1C=2N=CC=C(C2)C(C)(C)C)C(C)(C)C,0.03,,,,,C=1C=C(C=CC1C)C,1,,,CCOP(=O)(OCC)c1cc(B2OC(C)(C)C(C)(C)O2)ccc1C,0.37,1H-NMR,CCOP(=O)(OCC)c1ccc(B2OC(C)(C)C(C)(C)O2)cc1C,0.62,,"('N=1C=CC(=CC1C=2N=CC=C(C2)C(C)(C)C)C(C)(C)C', 'O1B(OC(C)(C)C1(C)C)B2OC(C)(C)C(O2)(C)C', '[O-]1(C)[Ir+]234([O-](C)[Ir+]1567[CH]=8CC[CH]7=[CH]6CC[CH]85)[CH]=9CC[CH]4=[CH]3CC[CH]92')",44,CCOP(=O)(OCC)c1ccccc1C,Bc1ccc(C)c(P(=O)(OCC)OCC)c1,37,
45,45,45,10.1038/nchem.2322,borylation,40,16,ar,0.00025,0.166667,CCOP(=O)(OCC)c1ccccc1Br,CCOP(=O)(OCC)c1ccccc1Br,1,O1B(OC(C)(C)C1(C)C)B2OC(C)(C)C(O2)(C)C,1.5,,,,,,,[O-]1(C)[Ir+]234([O-](C)[Ir+]1567[CH]=8CC[CH]7=[CH]6CC[CH]85)[CH]=9CC[CH]4=[CH]3CC[CH]92,0.015,,,N=1C=CC(=CC1C=2N=CC=C(C2)C(C)(C)C)C(C)(C)C,0.03,,,,,C=1C=C(C=CC1C)C,1,,,CCOP(=O)(OCC)c1cc(B2OC(C)(C)C(C)(C)O2)ccc1Br,0.24,1H-NMR,CCOP(=O)(OCC)c1ccc(B2OC(C)(C)C(C)(C)O2)cc1Br,0.75,,"('N=1C=CC(=CC1C=2N=CC=C(C2)C(C)(C)C)C(C)(C)C', 'O1B(OC(C)(C)C1(C)C)B2OC(C)(C)C(O2)(C)C', '[O-]1(C)[Ir+]234([O-](C)[Ir+]1567[CH]=8CC[CH]7=[CH]6CC[CH]85)[CH]=9CC[CH]4=[CH]3CC[CH]92')",45,CCOP(=O)(OCC)c1ccccc1Br,Bc1ccc(Br)c(P(=O)(OCC)OCC)c1,24,
46,46,46,10.1038/nchem.2322,borylation,40,16,ar,0.00025,0.166667,CCOP(=O)(OCC)c1ccccc1C(F)(F)F,CCOP(=O)(OCC)c1ccccc1C(F)(F)F,1,O1B(OC(C)(C)C1(C)C)B2OC(C)(C)C(O2)(C)C,1.5,,,,,,,[O-]1(C)[Ir+]234([O-](C)[Ir+]1567[CH]=8CC[CH]7=[CH]6CC[CH]85)[CH]=9CC[CH]4=[CH]3CC[CH]92,0.015,,,N=1C=CC(=CC1C=2N=CC=C(C2)C(C)(C)C)C(C)(C)C,0.03,,,,,C=1C=C(C=CC1C)C,1,,,CCOP(=O)(OCC)c1cc(B2OC(C)(C)C(C)(C)O2)ccc1C(F)(F)F,0.35,1H-NMR,,,,"('N=1C=CC(=CC1C=2N=CC=C(C2)C(C)(C)C)C(C)(C)C', 'O1B(OC(C)(C)C1(C)C)B2OC(C)(C)C(O2)(C)C', '[O-]1(C)[Ir+]234([O-](C)[Ir+]1567[CH]=8CC[CH]7=[CH]6CC[CH]85)[CH]=9CC[CH]4=[CH]3CC[CH]92')",46,CCOP(=O)(OCC)c1ccccc1C(F)(F)F,Bc1ccc(C(F)(F)F)c(P(=O)(OCC)OCC)c1,35,
47,47,47,10.1038/nchem.2322,borylation,40,6,ar,0.00025,0.166667,CCN(CC)P(=O)(c1ccccc1)N(CC)CC,CCN(CC)P(=O)(c1ccccc1)N(CC)CC,1,O1B(OC(C)(C)C1(C)C)B2OC(C)(C)C(O2)(C)C,1,,,,,,,[O-]1(C)[Ir+]234([O-](C)[Ir+]1567[CH]=8CC[CH]7=[CH]6CC[CH]85)[CH]=9CC[CH]4=[CH]3CC[CH]92,0.015,,,N=1C=CC(=CC1C=2N=CC=C(C2)C(C)(C)C)C(C)(C)C,0.03,,,,,C=1C=C(C=CC1C)C,1,,,CCN(CC)P(=O)(c1cccc(B2OC(C)(C)C(C)(C)O2)c1)N(CC)CC,0.34,1H-NMR,,,,"('N=1C=CC(=CC1C=2N=CC=C(C2)C(C)(C)C)C(C)(C)C', 'O1B(OC(C)(C)C1(C)C)B2OC(C)(C)C(O2)(C)C', '[O-]1(C)[Ir+]234([O-](C)[Ir+]1567[CH]=8CC[CH]7=[CH]6CC[CH]85)[CH]=9CC[CH]4=[CH]3CC[CH]92')",47,CCN(CC)P(=O)(c1ccccc1)N(CC)CC,Bc1cccc(P(=O)(N(CC)CC)N(CC)CC)c1,34,
48,48,48,10.1038/nchem.2322,borylation,40,6,ar,0.00025,0.166667,O=P(c1ccccc1)(C1CCCCC1)C1CCCCC1,O=P(c1ccccc1)(C1CCCCC1)C1CCCCC1,1,O1B(OC(C)(C)C1(C)C)B2OC(C)(C)C(O2)(C)C,1,,,,,,,[O-]1(C)[Ir+]234([O-](C)[Ir+]1567[CH]=8CC[CH]7=[CH]6CC[CH]85)[CH]=9CC[CH]4=[CH]3CC[CH]92,0.015,,,N=1C=CC(=CC1C=2N=CC=C(C2)C(C)(C)C)C(C)(C)C,0.03,,,,,C=1C=C(C=CC1C)C,1,,,CC1(C)OB(c2cccc(P(=O)(C3CCCCC3)C3CCCCC3)c2)OC1(C)C,0.35,1H-NMR,,,,"('N=1C=CC(=CC1C=2N=CC=C(C2)C(C)(C)C)C(C)(C)C', 'O1B(OC(C)(C)C1(C)C)B2OC(C)(C)C(O2)(C)C', '[O-]1(C)[Ir+]234([O-](C)[Ir+]1567[CH]=8CC[CH]7=[CH]6CC[CH]85)[CH]=9CC[CH]4=[CH]3CC[CH]92')",48,O=P(c1ccccc1)(C1CCCCC1)C1CCCCC1,Bc1cccc(P(=O)(C2CCCCC2)C2CCCCC2)c1,35,
49,49,49,10.1038/nchem.2322,borylation,25,16,ar,0.00025,0.166667,COc1ccccc1P(=O)(C1CCCCC1)C1CCCCC1,COc1ccccc1P(=O)(C1CCCCC1)C1CCCCC1,1,O1B(OC(C)(C)C1(C)C)B2OC(C)(C)C(O2)(C)C,1.5,,,,,,,[O-]1(C)[Ir+]234([O-](C)[Ir+]1567[CH]=8CC[CH]7=[CH]6CC[CH]85)[CH]=9CC[CH]4=[CH]3CC[CH]92,0.015,,,N=1C=CC(=CC1C=2N=CC=C(C2)C(C)(C)C)C(C)(C)C,0.03,,,,,C=1C=C(C=CC1C)C,1,,,COc1ccc(B2OC(C)(C)C(C)(C)O2)cc1P(=O)(C1CCCCC1)C1CCCCC1,0.25,1H-NMR,,,,"('N=1C=CC(=CC1C=2N=CC=C(C2)C(C)(C)C)C(C)(C)C', 'O1B(OC(C)(C)C1(C)C)B2OC(C)(C)C(O2)(C)C', '[O-]1(C)[Ir+]234([O-](C)[Ir+]1567[CH]=8CC[CH]7=[CH]6CC[CH]85)[CH]=9CC[CH]4=[CH]3CC[CH]92')",49,COc1ccccc1P(=O)(C1CCCCC1)C1CCCCC1,Bc1ccc(OC)c(P(=O)(C2CCCCC2)C2CCCCC2)c1,25,
50,50,50,10.1038/nchem.2322,borylation,25,16,ar,0.00025,0.166667,O=P(c1ccccc1Cl)(C1CCCCC1)C1CCCCC1,O=P(c1ccccc1Cl)(C1CCCCC1)C1CCCCC1,1,O1B(OC(C)(C)C1(C)C)B2OC(C)(C)C(O2)(C)C,1.5,,,,,,,[O-]1(C)[Ir+]234([O-](C)[Ir+]1567[CH]=8CC[CH]7=[CH]6CC[CH]85)[CH]=9CC[CH]4=[CH]3CC[CH]92,0.015,,,N=1C=CC(=CC1C=2N=CC=C(C2)C(C)(C)C)C(C)(C)C,0.03,,,,,C=1C=C(C=CC1C)C,1,,,CC1(C)OB(c2ccc(Cl)c(P(=O)(C3CCCCC3)C3CCCCC3)c2)OC1(C)C,0.12,1H-NMR,,,,"('N=1C=CC(=CC1C=2N=CC=C(C2)C(C)(C)C)C(C)(C)C', 'O1B(OC(C)(C)C1(C)C)B2OC(C)(C)C(O2)(C)C', '[O-]1(C)[Ir+]234([O-](C)[Ir+]1567[CH]=8CC[CH]7=[CH]6CC[CH]85)[CH]=9CC[CH]4=[CH]3CC[CH]92')",50,O=P(c1ccccc1Cl)(C1CCCCC1)C1CCCCC1,Bc1ccc(Cl)c(P(=O)(C2CCCCC2)C2CCCCC2)c1,12,
51,51,51,10.1039/c2sc20776a,borylation,100,1.5,n2,0.001,0.416666667,FC(F)(F)c1ccc2c(Cl)ccnc2c1,FC(F)(F)c1ccc2c(Cl)ccnc2c1,1,O1B(OC(C)(C)C1(C)C)B2OC(C)(C)C(O2)(C)C,1,,,,,,,[O-]1(C)[Ir+]234([O-](C)[Ir+]1567[CH]=8CC[CH]7=[CH]6CC[CH]85)[CH]=9CC[CH]4=[CH]3CC[CH]92,0.015,,,N=1C=CC(=CC1C=2N=CC=C(C2)C(C)(C)C)C(C)(C)C,0.03,,,,,O(C)C(C)(C)C,1,,,CC1(C)OB(c2cnc3cc(C(F)(F)F)ccc3c2Cl)OC1(C)C,0.81,Isolated,,,,"('N=1C=CC(=CC1C=2N=CC=C(C2)C(C)(C)C)C(C)(C)C', 'O1B(OC(C)(C)C1(C)C)B2OC(C)(C)C(O2)(C)C', '[O-]1(C)[Ir+]234([O-](C)[Ir+]1567[CH]=8CC[CH]7=[CH]6CC[CH]85)[CH]=9CC[CH]4=[CH]3CC[CH]92')",51,FC(F)(F)c1ccc2c(Cl)ccnc2c1,Bc1cnc2cc(C(F)(F)F)ccc2c1Cl,81,
52,52,52,10.1039/c2sc20776a,borylation,100,1.5,n2,0.001,0.416666667,Clc1ccc2c(Cl)ccnc2c1,Clc1ccc2c(Cl)ccnc2c1,1,O1B(OC(C)(C)C1(C)C)B2OC(C)(C)C(O2)(C)C,1,,,,,,,[O-]1(C)[Ir+]234([O-](C)[Ir+]1567[CH]=8CC[CH]7=[CH]6CC[CH]85)[CH]=9CC[CH]4=[CH]3CC[CH]92,0.015,,,N=1C=CC(=CC1C=2N=CC=C(C2)C(C)(C)C)C(C)(C)C,0.03,,,,,O(C)C(C)(C)C,1,,,CC1(C)OB(c2cnc3cc(Cl)ccc3c2Cl)OC1(C)C,0.81,Isolated,,,,"('N=1C=CC(=CC1C=2N=CC=C(C2)C(C)(C)C)C(C)(C)C', 'O1B(OC(C)(C)C1(C)C)B2OC(C)(C)C(O2)(C)C', '[O-]1(C)[Ir+]234([O-](C)[Ir+]1567[CH]=8CC[CH]7=[CH]6CC[CH]85)[CH]=9CC[CH]4=[CH]3CC[CH]92')",52,Clc1ccc2c(Cl)ccnc2c1,Bc1cnc2cc(Cl)ccc2c1Cl,81,
53,53,53,10.1039/c2sc20776a,borylation,100,1.5,n2,0.001,0.416666667,Cc1ccc2nc(C)ccc2c1,Cc1ccc2nc(C)ccc2c1,1,O1B(OC(C)(C)C1(C)C)B2OC(C)(C)C(O2)(C)C,1,,,,,,,[O-]1(C)[Ir+]234([O-](C)[Ir+]1567[CH]=8CC[CH]7=[CH]6CC[CH]85)[CH]=9CC[CH]4=[CH]3CC[CH]92,0.015,,,N=1C=CC(=CC1C=2N=CC=C(C2)C(C)(C)C)C(C)(C)C,0.03,,,,,O(C)C(C)(C)C,1,,,Cc1ccc2nc(C)cc(B3OC(C)(C)C(C)(C)O3)c2c1,0.72,Isolated,,,,"('N=1C=CC(=CC1C=2N=CC=C(C2)C(C)(C)C)C(C)(C)C', 'O1B(OC(C)(C)C1(C)C)B2OC(C)(C)C(O2)(C)C', '[O-]1(C)[Ir+]234([O-](C)[Ir+]1567[CH]=8CC[CH]7=[CH]6CC[CH]85)[CH]=9CC[CH]4=[CH]3CC[CH]92')",53,Cc1ccc2nc(C)ccc2c1,Bc1cc(C)nc2ccc(C)cc12,72,
54,54,54,10.1039/c2sc20776a,borylation,100,1.5,n2,0.001,0.416666667,COc1ccc2nc(C)ccc2c1,COc1ccc2nc(C)ccc2c1,1,O1B(OC(C)(C)C1(C)C)B2OC(C)(C)C(O2)(C)C,1,,,,,,,[O-]1(C)[Ir+]234([O-](C)[Ir+]1567[CH]=8CC[CH]7=[CH]6CC[CH]85)[CH]=9CC[CH]4=[CH]3CC[CH]92,0.015,,,N=1C=CC(=CC1C=2N=CC=C(C2)C(C)(C)C)C(C)(C)C,0.03,,,,,O(C)C(C)(C)C,1,,,COc1ccc2nc(C)cc(B3OC(C)(C)C(C)(C)O3)c2c1,0.76,Isolated,,,,"('N=1C=CC(=CC1C=2N=CC=C(C2)C(C)(C)C)C(C)(C)C', 'O1B(OC(C)(C)C1(C)C)B2OC(C)(C)C(O2)(C)C', '[O-]1(C)[Ir+]234([O-](C)[Ir+]1567[CH]=8CC[CH]7=[CH]6CC[CH]85)[CH]=9CC[CH]4=[CH]3CC[CH]92')",54,COc1ccc2nc(C)ccc2c1,Bc1cc(C)nc2ccc(OC)cc12,76,
55,55,55,10.1039/c2sc20776a,borylation,100,1.5,n2,0.001,0.416666667,Cc1ccc2cc(Cl)ccc2n1,Cc1ccc2cc(Cl)ccc2n1,1,O1B(OC(C)(C)C1(C)C)B2OC(C)(C)C(O2)(C)C,1,,,,,,,[O-]1(C)[Ir+]234([O-](C)[Ir+]1567[CH]=8CC[CH]7=[CH]6CC[CH]85)[CH]=9CC[CH]4=[CH]3CC[CH]92,0.015,,,N=1C=CC(=CC1C=2N=CC=C(C2)C(C)(C)C)C(C)(C)C,0.03,,,,,O(C)C(C)(C)C,1,,,Cc1cc(B2OC(C)(C)C(C)(C)O2)c2cc(Cl)ccc2n1,0.79,Isolated,,,,"('N=1C=CC(=CC1C=2N=CC=C(C2)C(C)(C)C)C(C)(C)C', 'O1B(OC(C)(C)C1(C)C)B2OC(C)(C)C(O2)(C)C', '[O-]1(C)[Ir+]234([O-](C)[Ir+]1567[CH]=8CC[CH]7=[CH]6CC[CH]85)[CH]=9CC[CH]4=[CH]3CC[CH]92')",55,Cc1ccc2cc(Cl)ccc2n1,Bc1cc(C)nc2ccc(Cl)cc12,79,
56,56,56,10.1039/c2sc20776a,borylation,100,1.5,n2,0.001,0.416666667,Cc1ccc2cc(Br)ccc2n1,Cc1ccc2cc(Br)ccc2n1,1,O1B(OC(C)(C)C1(C)C)B2OC(C)(C)C(O2)(C)C,1,,,,,,,[O-]1(C)[Ir+]234([O-](C)[Ir+]1567[CH]=8CC[CH]7=[CH]6CC[CH]85)[CH]=9CC[CH]4=[CH]3CC[CH]92,0.015,,,N=1C=CC(=CC1C=2N=CC=C(C2)C(C)(C)C)C(C)(C)C,0.03,,,,,O(C)C(C)(C)C,1,,,Cc1cc(B2OC(C)(C)C(C)(C)O2)c2cc(Br)ccc2n1,0.84,Isolated,,,,"('N=1C=CC(=CC1C=2N=CC=C(C2)C(C)(C)C)C(C)(C)C', 'O1B(OC(C)(C)C1(C)C)B2OC(C)(C)C(O2)(C)C', '[O-]1(C)[Ir+]234([O-](C)[Ir+]1567[CH]=8CC[CH]7=[CH]6CC[CH]85)[CH]=9CC[CH]4=[CH]3CC[CH]92')",56,Cc1ccc2cc(Br)ccc2n1,Bc1cc(C)nc2ccc(Br)cc12,84,
57,57,57,10.1039/c2sc20776a,borylation,25,48,n2,0.001,0.416666667,COc1ccc2nc(C#N)ccc2c1,COc1ccc2nc(C#N)ccc2c1,1,O1B(OC(C)(C)C1(C)C)B2OC(C)(C)C(O2)(C)C,1,,,,,,,[O-]1(C)[Ir+]234([O-](C)[Ir+]1567[CH]=8CC[CH]7=[CH]6CC[CH]85)[CH]=9CC[CH]4=[CH]3CC[CH]92,0.015,,,N=1C=CC(=CC1C=2N=CC=C(C2)C(C)(C)C)C(C)(C)C,0.03,,,,,O(C)C(C)(C)C,1,,,COc1ccc2nc(C#N)cc(B3OC(C)(C)C(C)(C)O3)c2c1,0.87,Isolated,,,,"('N=1C=CC(=CC1C=2N=CC=C(C2)C(C)(C)C)C(C)(C)C', 'O1B(OC(C)(C)C1(C)C)B2OC(C)(C)C(O2)(C)C', '[O-]1(C)[Ir+]234([O-](C)[Ir+]1567[CH]=8CC[CH]7=[CH]6CC[CH]85)[CH]=9CC[CH]4=[CH]3CC[CH]92')",57,COc1ccc2nc(C#N)ccc2c1,Bc1cc(C#N)nc2ccc(OC)cc12,87,
58,58,58,10.1039/c2sc20776a,borylation,100,1.5,n2,0.001,0.416666667,Cc1ccc2ccc(Br)cc2n1,Cc1ccc2ccc(Br)cc2n1,1,O1B(OC(C)(C)C1(C)C)B2OC(C)(C)C(O2)(C)C,1,,,,,,,[O-]1(C)[Ir+]234([O-](C)[Ir+]1567[CH]=8CC[CH]7=[CH]6CC[CH]85)[CH]=9CC[CH]4=[CH]3CC[CH]92,0.015,,,N=1C=CC(=CC1C=2N=CC=C(C2)C(C)(C)C)C(C)(C)C,0.03,,,,,O(C)C(C)(C)C,1,,,Cc1cc(B2OC(C)(C)C(C)(C)O2)c2ccc(Br)cc2n1,0.52,GCMS,Cc1ccc2c(B3OC(C)(C)C(C)(C)O3)cc(Br)cc2n1,0.28,,"('N=1C=CC(=CC1C=2N=CC=C(C2)C(C)(C)C)C(C)(C)C', 'O1B(OC(C)(C)C1(C)C)B2OC(C)(C)C(O2)(C)C', '[O-]1(C)[Ir+]234([O-](C)[Ir+]1567[CH]=8CC[CH]7=[CH]6CC[CH]85)[CH]=9CC[CH]4=[CH]3CC[CH]92')",58,Cc1ccc2ccc(Br)cc2n1,Bc1cc(C)nc2cc(Br)ccc12,52,
59,59,59,10.1039/c2sc20776a,borylation,100,1.5,n2,0.001,0.416666667,Cc1ccc2ccc(C(F)(F)F)cc2n1,Cc1ccc2ccc(C(F)(F)F)cc2n1,1,O1B(OC(C)(C)C1(C)C)B2OC(C)(C)C(O2)(C)C,1,,,,,,,[O-]1(C)[Ir+]234([O-](C)[Ir+]1567[CH]=8CC[CH]7=[CH]6CC[CH]85)[CH]=9CC[CH]4=[CH]3CC[CH]92,0.015,,,N=1C=CC(=CC1C=2N=CC=C(C2)C(C)(C)C)C(C)(C)C,0.03,,,,,O(C)C(C)(C)C,1,,,Cc1cc(B2OC(C)(C)C(C)(C)O2)c2ccc(C(F)(F)F)cc2n1,0.57,GCMS,Cc1ccc2c(B3OC(C)(C)C(C)(C)O3)cc(C(F)(F)F)cc2n1,0.38,,"('N=1C=CC(=CC1C=2N=CC=C(C2)C(C)(C)C)C(C)(C)C', 'O1B(OC(C)(C)C1(C)C)B2OC(C)(C)C(O2)(C)C', '[O-]1(C)[Ir+]234([O-](C)[Ir+]1567[CH]=8CC[CH]7=[CH]6CC[CH]85)[CH]=9CC[CH]4=[CH]3CC[CH]92')",59,Cc1ccc2ccc(C(F)(F)F)cc2n1,Bc1cc(C)nc2cc(C(F)(F)F)ccc12,57,
60,60,60,10.1039/c2sc20776a,borylation,25,48,n2,0.001,0.416666667,Cc1ccc2ccc(C#N)cc2n1,Cc1ccc2ccc(C#N)cc2n1,1,O1B(OC(C)(C)C1(C)C)B2OC(C)(C)C(O2)(C)C,1,,,,,,,[O-]1(C)[Ir+]234([O-](C)[Ir+]1567[CH]=8CC[CH]7=[CH]6CC[CH]85)[CH]=9CC[CH]4=[CH]3CC[CH]92,0.015,,,N=1C=CC(=CC1C=2N=CC=C(C2)C(C)(C)C)C(C)(C)C,0.03,,,,,O(C)C(C)(C)C,1,,,Cc1cc(B2OC(C)(C)C(C)(C)O2)c2ccc(C#N)cc2n1,0.86,Isolated,,,,"('N=1C=CC(=CC1C=2N=CC=C(C2)C(C)(C)C)C(C)(C)C', 'O1B(OC(C)(C)C1(C)C)B2OC(C)(C)C(O2)(C)C', '[O-]1(C)[Ir+]234([O-](C)[Ir+]1567[CH]=8CC[CH]7=[CH]6CC[CH]85)[CH]=9CC[CH]4=[CH]3CC[CH]92')",60,Cc1ccc2ccc(C#N)cc2n1,Bc1cc(C)nc2cc(C#N)ccc12,86,
61,61,61,10.1039/c2sc20776a,borylation,100,1.5,n2,0.001,0.416666667,COc1ccc2ccc(C)nc2c1,COc1ccc2ccc(C)nc2c1,1,O1B(OC(C)(C)C1(C)C)B2OC(C)(C)C(O2)(C)C,1,,,,,,,[O-]1(C)[Ir+]234([O-](C)[Ir+]1567[CH]=8CC[CH]7=[CH]6CC[CH]85)[CH]=9CC[CH]4=[CH]3CC[CH]92,0.015,,,N=1C=CC(=CC1C=2N=CC=C(C2)C(C)(C)C)C(C)(C)C,0.03,,,,,O(C)C(C)(C)C,1,,,COc1ccc2c(B3OC(C)(C)C(C)(C)O3)cc(C)nc2c1,0.85,GCMS,,,,"('N=1C=CC(=CC1C=2N=CC=C(C2)C(C)(C)C)C(C)(C)C', 'O1B(OC(C)(C)C1(C)C)B2OC(C)(C)C(O2)(C)C', '[O-]1(C)[Ir+]234([O-](C)[Ir+]1567[CH]=8CC[CH]7=[CH]6CC[CH]85)[CH]=9CC[CH]4=[CH]3CC[CH]92')",61,COc1ccc2ccc(C)nc2c1,Bc1cc(C)nc2cc(OC)ccc12,85,
62,62,62,10.1039/c2sc20776a,borylation,25,72,n2,0.001,0.416666667,Cc1ccc2ccc(C)nc2c1,Cc1ccc2ccc(C)nc2c1,1,O1B(OC(C)(C)C1(C)C)B2OC(C)(C)C(O2)(C)C,1,,,,,,,[O-]1(C)[Ir+]234([O-](C)[Ir+]1567[CH]=8CC[CH]7=[CH]6CC[CH]85)[CH]=9CC[CH]4=[CH]3CC[CH]92,0.015,,,N=1C=CC(=CC1C=2N=CC=C(C2)C(C)(C)C)C(C)(C)C,0.03,,,,,O(C)C(C)(C)C,1,,,Cc1ccc2c(B3OC(C)(C)C(C)(C)O3)cc(C)nc2c1,0.8,Isolated,,,,"('N=1C=CC(=CC1C=2N=CC=C(C2)C(C)(C)C)C(C)(C)C', 'O1B(OC(C)(C)C1(C)C)B2OC(C)(C)C(O2)(C)C', '[O-]1(C)[Ir+]234([O-](C)[Ir+]1567[CH]=8CC[CH]7=[CH]6CC[CH]85)[CH]=9CC[CH]4=[CH]3CC[CH]92')",62,Cc1ccc2ccc(C)nc2c1,Bc1cc(C)nc2cc(C)ccc12,80,
63,63,63,10.1039/c2sc20776a,borylation,100,1.5,n2,0.001,0.416666667,Cc1ccc2ccc(Cl)cc2n1,Cc1ccc2ccc(Cl)cc2n1,1,O1B(OC(C)(C)C1(C)C)B2OC(C)(C)C(O2)(C)C,1,,,,,,,[O-]1(C)[Ir+]234([O-](C)[Ir+]1567[CH]=8CC[CH]7=[CH]6CC[CH]85)[CH]=9CC[CH]4=[CH]3CC[CH]92,0.015,,,N=1C=CC(=CC1C=2N=CC=C(C2)C(C)(C)C)C(C)(C)C,0.03,,,,,O(C)C(C)(C)C,1,,,Cc1cc(B2OC(C)(C)C(C)(C)O2)c2ccc(Cl)cc2n1,0.61,GCMS,Cc1ccc2c(B3OC(C)(C)C(C)(C)O3)cc(Cl)cc2n1,0.11,,"('N=1C=CC(=CC1C=2N=CC=C(C2)C(C)(C)C)C(C)(C)C', 'O1B(OC(C)(C)C1(C)C)B2OC(C)(C)C(O2)(C)C', '[O-]1(C)[Ir+]234([O-](C)[Ir+]1567[CH]=8CC[CH]7=[CH]6CC[CH]85)[CH]=9CC[CH]4=[CH]3CC[CH]92')",63,Cc1ccc2ccc(Cl)cc2n1,Bc1cc(C)nc2cc(Cl)ccc12,61,
64,64,64,10.1039/c2sc20776a,borylation,25,16,n2,0.0002,0.4,COC(=O)c1ccccc1C,COC(=O)c1ccccc1C,1,O1B(OC(C)(C)C1(C)C)B2OC(C)(C)C(O2)(C)C,1.2,,,,,,,[O-]1(C)[Ir+]234([O-](C)[Ir+]1567[CH]=8CC[CH]7=[CH]6CC[CH]85)[CH]=9CC[CH]4=[CH]3CC[CH]92,0.015,,,N=1C=CC(=CC1C=2N=CC=C(C2)C(C)(C)C)C(C)(C)C,0.03,,,,,O(C)C(C)(C)C,1,,,COC(=O)c1ccc(B2OC(C)(C)C(C)(C)O2)cc1C,0.73,GCMS/1H-NMR,COC(=O)c1cc(B2OC(C)(C)C(C)(C)O2)ccc1C,0.27,,"('N=1C=CC(=CC1C=2N=CC=C(C2)C(C)(C)C)C(C)(C)C', 'O1B(OC(C)(C)C1(C)C)B2OC(C)(C)C(O2)(C)C', '[O-]1(C)[Ir+]234([O-](C)[Ir+]1567[CH]=8CC[CH]7=[CH]6CC[CH]85)[CH]=9CC[CH]4=[CH]3CC[CH]92')",64,COC(=O)c1ccccc1C,Bc1ccc(C(=O)OC)c(C)c1,73,
65,65,65,10.1039/c2sc20776a,borylation,25,16,n2,0.0002,0.4,O=C1CCCc2ccccc21,O=C1CCCc2ccccc21,1,O1B(OC(C)(C)C1(C)C)B2OC(C)(C)C(O2)(C)C,1.2,,,,,,,[O-]1(C)[Ir+]234([O-](C)[Ir+]1567[CH]=8CC[CH]7=[CH]6CC[CH]85)[CH]=9CC[CH]4=[CH]3CC[CH]92,0.015,,,N=1C=CC(=CC1C=2N=CC=C(C2)C(C)(C)C)C(C)(C)C,0.03,,,,,O(C)C(C)(C)C,1,,,CC1(C)OB(c2ccc3c(c2)CCCC3=O)OC1(C)C,0.8,GCMS/1H-NMR,CC1(C)OB(c2ccc3c(c2)C(=O)CCC3)OC1(C)C,0.2,,"('N=1C=CC(=CC1C=2N=CC=C(C2)C(C)(C)C)C(C)(C)C', 'O1B(OC(C)(C)C1(C)C)B2OC(C)(C)C(O2)(C)C', '[O-]1(C)[Ir+]234([O-](C)[Ir+]1567[CH]=8CC[CH]7=[CH]6CC[CH]85)[CH]=9CC[CH]4=[CH]3CC[CH]92')",65,O=C1CCCc2ccccc21,Bc1ccc2c(c1)CCCC2=O,80,
66,66,66,10.1002/anie.201409186,borylation,70,18,n2,0.0016,0.533333333,CC(C)(C)C(=O)NC1CC1,CC(C)(C)C(=O)NC1CC1,1,O1B(OC(C)(C)C1(C)C)B2OC(C)(C)C(O2)(C)C,0.5,,,,,,,[O-]1(C)[Ir+]234([O-](C)[Ir+]1567[CH]=8CC[CH]7=[CH]6CC[CH]85)[CH]=9CC[CH]4=[CH]3CC[CH]92,0.025,,,N=1C=CC(=CC1C=2N=CC=C(C2)C(C)(C)C)C(C)(C)C,0.05,,,,,C1CCCCC1,1,,,CC(C)(C)C(=O)NC1CC1B1OC(C)(C)C(C)(C)O1,0.15,1H NMR,,,,"('N=1C=CC(=CC1C=2N=CC=C(C2)C(C)(C)C)C(C)(C)C', 'O1B(OC(C)(C)C1(C)C)B2OC(C)(C)C(O2)(C)C', '[O-]1(C)[Ir+]234([O-](C)[Ir+]1567[CH]=8CC[CH]7=[CH]6CC[CH]85)[CH]=9CC[CH]4=[CH]3CC[CH]92')",66,CC(C)(C)C(=O)NC1CC1,BC1CC1NC(=O)C(C)(C)C,15,
67,67,67,10.1021/ja303443m,borylation,100,48,n2,0.0005,0.166667,CC(C)(C)OC(=O)NC=Cc1ccccc1,CC(C)(C)OC(=O)NC=Cc1ccccc1,1,O1B(OC(C)(C)C1(C)C)B2OC(C)(C)C(O2)(C)C,0.6,,,,,,,[O-]1(C)[Ir+]234([O-](C)[Ir+]1567[CH]=8CC[CH]7=[CH]6CC[CH]85)[CH]=9CC[CH]4=[CH]3CC[CH]92,0.03,,,N=1C=CC(=CC1C=2N=CC=C(C2)C(C)(C)C)C(C)(C)C,0.06,,,,,C1CCCCC1,1,,,CC(C)(C)OC(=O)NC=C(B1OC(C)(C)C(C)(C)O1)c1ccccc1,0.73,Isolated,,,,"('N=1C=CC(=CC1C=2N=CC=C(C2)C(C)(C)C)C(C)(C)C', 'O1B(OC(C)(C)C1(C)C)B2OC(C)(C)C(O2)(C)C', '[O-]1(C)[Ir+]234([O-](C)[Ir+]1567[CH]=8CC[CH]7=[CH]6CC[CH]85)[CH]=9CC[CH]4=[CH]3CC[CH]92')",67,CC(C)(C)OC(=O)NC=Cc1ccccc1,BC(=CNC(=O)OC(C)(C)C)c1ccccc1,73,
68,68,68,10.1021/ja400295v,borylation,80,2.5,n2,0.001,0.1,COc1c(C)cccc1C,COc1c(C)cccc1C,1,O1B(OC(C)(C)C1(C)C)B2OC(C)(C)C(O2)(C)C,0.75,,,,,,,[O-]1(C)[Ir+]234([O-](C)[Ir+]1567[CH]=8CC[CH]7=[CH]6CC[CH]85)[CH]=9CC[CH]4=[CH]3CC[CH]92,0.025,,,N=1C=CC(=CC1C=2N=CC=C(C2)C(C)(C)C)C(C)(C)C,0.05,,,,,O1CCCC1,1,,,COc1c(C)cc(B2OC(C)(C)C(C)(C)O2)cc1C,0.88,Isolated,,,,"('N=1C=CC(=CC1C=2N=CC=C(C2)C(C)(C)C)C(C)(C)C', 'O1B(OC(C)(C)C1(C)C)B2OC(C)(C)C(O2)(C)C', '[O-]1(C)[Ir+]234([O-](C)[Ir+]1567[CH]=8CC[CH]7=[CH]6CC[CH]85)[CH]=9CC[CH]4=[CH]3CC[CH]92')",68,COc1c(C)cccc1C,Bc1cc(C)c(OC)c(C)c1,88,
69,69,69,10.1021/ja400295v,borylation,80,8,n2,0.001,0.1,COc1cccc(OC)c1,COc1cccc(OC)c1,1,O1B(OC(C)(C)C1(C)C)B2OC(C)(C)C(O2)(C)C,0.75,,,,,,,[O-]1(C)[Ir+]234([O-](C)[Ir+]1567[CH]=8CC[CH]7=[CH]6CC[CH]85)[CH]=9CC[CH]4=[CH]3CC[CH]92,0.025,,,N=1C=CC(=CC1C=2N=CC=C(C2)C(C)(C)C)C(C)(C)C,0.05,,,,,O1CCCC1,1,,,COc1cc(OC)cc(B2OC(C)(C)C(C)(C)O2)c1,0.82,Isolated,,,,"('N=1C=CC(=CC1C=2N=CC=C(C2)C(C)(C)C)C(C)(C)C', 'O1B(OC(C)(C)C1(C)C)B2OC(C)(C)C(O2)(C)C', '[O-]1(C)[Ir+]234([O-](C)[Ir+]1567[CH]=8CC[CH]7=[CH]6CC[CH]85)[CH]=9CC[CH]4=[CH]3CC[CH]92')",69,COc1cccc(OC)c1,Bc1cc(OC)cc(OC)c1,82,
70,70,70,10.1021/ja400295v,borylation,80,2.5,n2,0.001,0.1,COc1cccc(OC)c1OC,COc1cccc(OC)c1OC,1,O1B(OC(C)(C)C1(C)C)B2OC(C)(C)C(O2)(C)C,0.75,,,,,,,[O-]1(C)[Ir+]234([O-](C)[Ir+]1567[CH]=8CC[CH]7=[CH]6CC[CH]85)[CH]=9CC[CH]4=[CH]3CC[CH]92,0.025,,,N=1C=CC(=CC1C=2N=CC=C(C2)C(C)(C)C)C(C)(C)C,0.05,,,,,O1CCCC1,1,,,COc1cc(B2OC(C)(C)C(C)(C)O2)cc(OC)c1OC,0.92,Isolated,,,,"('N=1C=CC(=CC1C=2N=CC=C(C2)C(C)(C)C)C(C)(C)C', 'O1B(OC(C)(C)C1(C)C)B2OC(C)(C)C(O2)(C)C', '[O-]1(C)[Ir+]234([O-](C)[Ir+]1567[CH]=8CC[CH]7=[CH]6CC[CH]85)[CH]=9CC[CH]4=[CH]3CC[CH]92')",70,COc1cccc(OC)c1OC,Bc1cc(OC)c(OC)c(OC)c1,92,
71,71,71,10.1021/ja400295v,borylation,25,,n2,0.001,0.1,CC(C)c1cccc(C(C)C)c1,CC(C)c1cccc(C(C)C)c1,1,O1B(OC(C)(C)C1(C)C)B2OC(C)(C)C(O2)(C)C,0.75,,,,,,,[O-]1(C)[Ir+]234([O-](C)[Ir+]1567[CH]=8CC[CH]7=[CH]6CC[CH]85)[CH]=9CC[CH]4=[CH]3CC[CH]92,0.025,,,N=1C=CC(=CC1C=2N=CC=C(C2)C(C)(C)C)C(C)(C)C,0.05,,,,,O1CCCC1,1,,,CC(C)c1cc(B2OC(C)(C)C(C)(C)O2)cc(C(C)C)c1,0.83,Isolated,,,,"('N=1C=CC(=CC1C=2N=CC=C(C2)C(C)(C)C)C(C)(C)C', 'O1B(OC(C)(C)C1(C)C)B2OC(C)(C)C(O2)(C)C', '[O-]1(C)[Ir+]234([O-](C)[Ir+]1567[CH]=8CC[CH]7=[CH]6CC[CH]85)[CH]=9CC[CH]4=[CH]3CC[CH]92')",71,CC(C)c1cccc(C(C)C)c1,Bc1cc(C(C)C)cc(C(C)C)c1,83,
72,72,72,10.1021/ja400295v,borylation,25,4,n2,0.001,0.1,Cc1cccc(Br)c1,Cc1cccc(Br)c1,1,O1B(OC(C)(C)C1(C)C)B2OC(C)(C)C(O2)(C)C,0.75,,,,,,,[O-]1(C)[Ir+]234([O-](C)[Ir+]1567[CH]=8CC[CH]7=[CH]6CC[CH]85)[CH]=9CC[CH]4=[CH]3CC[CH]92,0.025,,,N=1C=CC(=CC1C=2N=CC=C(C2)C(C)(C)C)C(C)(C)C,0.05,,,,,O1CCCC1,1,,,Cc1cc(Br)cc(B2OC(C)(C)C(C)(C)O2)c1,0.73,Isolated,,,,"('N=1C=CC(=CC1C=2N=CC=C(C2)C(C)(C)C)C(C)(C)C', 'O1B(OC(C)(C)C1(C)C)B2OC(C)(C)C(O2)(C)C', '[O-]1(C)[Ir+]234([O-](C)[Ir+]1567[CH]=8CC[CH]7=[CH]6CC[CH]85)[CH]=9CC[CH]4=[CH]3CC[CH]92')",72,Cc1cccc(Br)c1,Bc1cc(C)cc(Br)c1,73,
73,73,73,10.1021/ja400295v,borylation,80,8,n2,0.001,0.1,Cc1cccc(N(C)C)c1,Cc1cccc(N(C)C)c1,1,O1B(OC(C)(C)C1(C)C)B2OC(C)(C)C(O2)(C)C,0.75,,,,,,,[O-]1(C)[Ir+]234([O-](C)[Ir+]1567[CH]=8CC[CH]7=[CH]6CC[CH]85)[CH]=9CC[CH]4=[CH]3CC[CH]92,0.025,,,N=1C=CC(=CC1C=2N=CC=C(C2)C(C)(C)C)C(C)(C)C,0.05,,,,,O1CCCC1,1,,,Cc1cc(B2OC(C)(C)C(C)(C)O2)cc(N(C)C)c1,0.94,Isolated,,,,"('N=1C=CC(=CC1C=2N=CC=C(C2)C(C)(C)C)C(C)(C)C', 'O1B(OC(C)(C)C1(C)C)B2OC(C)(C)C(O2)(C)C', '[O-]1(C)[Ir+]234([O-](C)[Ir+]1567[CH]=8CC[CH]7=[CH]6CC[CH]85)[CH]=9CC[CH]4=[CH]3CC[CH]92')",73,Cc1cccc(N(C)C)c1,Bc1cc(C)cc(N(C)C)c1,94,
74,74,74,10.1021/ja0428309,borylation,25,48,n2,0.001,0.333333,COC(=O)c1ccc(C#N)cc1,COC(=O)c1ccc(C#N)cc1,1,O1B(OC(C)(C)C1(C)C)B2OC(C)(C)C(O2)(C)C,0.8,,,,,,,[O-]1(C)[Ir+]234([O-](C)[Ir+]1567[CH]=8CC[CH]7=[CH]6CC[CH]85)[CH]=9CC[CH]4=[CH]3CC[CH]92,0.015,,,N=1C=CC(=CC1C=2N=CC=C(C2)C(C)(C)C)C(C)(C)C,0.03,,,,,O1CCCC1,1,,,COC(=O)c1ccc(C#N)c(B2OC(C)(C)C(C)(C)O2)c1,0.65,Isolated,,,,"('N=1C=CC(=CC1C=2N=CC=C(C2)C(C)(C)C)C(C)(C)C', 'O1B(OC(C)(C)C1(C)C)B2OC(C)(C)C(O2)(C)C', '[O-]1(C)[Ir+]234([O-](C)[Ir+]1567[CH]=8CC[CH]7=[CH]6CC[CH]85)[CH]=9CC[CH]4=[CH]3CC[CH]92')",74,COC(=O)c1ccc(C#N)cc1,Bc1cc(C(=O)OC)ccc1C#N,65,
75,75,75,10.1021/ja0428309,borylation,25,40,n2,0.001,0.333333,N#Cc1ccc(I)cc1,N#Cc1ccc(I)cc1,1,O1B(OC(C)(C)C1(C)C)B2OC(C)(C)C(O2)(C)C,1,,,,,,,[O-]1(C)[Ir+]234([O-](C)[Ir+]1567[CH]=8CC[CH]7=[CH]6CC[CH]85)[CH]=9CC[CH]4=[CH]3CC[CH]92,0.015,,,N=1C=CC(=CC1C=2N=CC=C(C2)C(C)(C)C)C(C)(C)C,0.03,,,,,O1CCCC1,1,,,CC1(C)OB(c2cc(I)ccc2C#N)OC1(C)C,0.7,Isolated,,,,"('N=1C=CC(=CC1C=2N=CC=C(C2)C(C)(C)C)C(C)(C)C', 'O1B(OC(C)(C)C1(C)C)B2OC(C)(C)C(O2)(C)C', '[O-]1(C)[Ir+]234([O-](C)[Ir+]1567[CH]=8CC[CH]7=[CH]6CC[CH]85)[CH]=9CC[CH]4=[CH]3CC[CH]92')",75,N#Cc1ccc(I)cc1,Bc1cc(I)ccc1C#N,70,
76,76,76,10.1021/ja0428309,borylation,25,18,n2,0.001,0.333333,CC(=O)Nc1ccc(C#N)cc1,CC(=O)Nc1ccc(C#N)cc1,1,O1B(OC(C)(C)C1(C)C)B2OC(C)(C)C(O2)(C)C,1.6,,,,,,,[O-]1(C)[Ir+]234([O-](C)[Ir+]1567[CH]=8CC[CH]7=[CH]6CC[CH]85)[CH]=9CC[CH]4=[CH]3CC[CH]92,0.04,,,N=1C=CC(=CC1C=2N=CC=C(C2)C(C)(C)C)C(C)(C)C,0.03,,,,,O1CCCC1,1,,,CC(=O)Nc1ccc(C#N)c(B2OC(C)(C)C(C)(C)O2)c1,0.62,Isolated,,,,"('N=1C=CC(=CC1C=2N=CC=C(C2)C(C)(C)C)C(C)(C)C', 'O1B(OC(C)(C)C1(C)C)B2OC(C)(C)C(O2)(C)C', '[O-]1(C)[Ir+]234([O-](C)[Ir+]1567[CH]=8CC[CH]7=[CH]6CC[CH]85)[CH]=9CC[CH]4=[CH]3CC[CH]92')",76,CC(=O)Nc1ccc(C#N)cc1,Bc1cc(NC(C)=O)ccc1C#N,62,
77,77,77,10.1021/ja0428309,borylation,25,72,n2,0.001,0.333333,CN(C)c1ccc(C#N)cc1,CN(C)c1ccc(C#N)cc1,1,O1B(OC(C)(C)C1(C)C)B2OC(C)(C)C(O2)(C)C,1,,,,,,,[O-]1(C)[Ir+]234([O-](C)[Ir+]1567[CH]=8CC[CH]7=[CH]6CC[CH]85)[CH]=9CC[CH]4=[CH]3CC[CH]92,0.03,,,N=1C=CC(=CC1C=2N=CC=C(C2)C(C)(C)C)C(C)(C)C,0.03,,,,,O1CCCC1,1,,,CN(C)c1ccc(C#N)c(B2OC(C)(C)C(C)(C)O2)c1,0.58,Isolated,,,,"('N=1C=CC(=CC1C=2N=CC=C(C2)C(C)(C)C)C(C)(C)C', 'O1B(OC(C)(C)C1(C)C)B2OC(C)(C)C(O2)(C)C', '[O-]1(C)[Ir+]234([O-](C)[Ir+]1567[CH]=8CC[CH]7=[CH]6CC[CH]85)[CH]=9CC[CH]4=[CH]3CC[CH]92')",77,CN(C)c1ccc(C#N)cc1,Bc1cc(N(C)C)ccc1C#N,58,
78,78,18,10.1038/nchem.2322,borylation,25,16,ar,0.00025,0.166667,CCCCCCN(CCCCCC)C(=O)c1ccccc1,CCCCCCN(CCCCCC)C(=O)c1ccccc1,1,O1B(OC(C)(C)C1(C)C)B2OC(C)(C)C(O2)(C)C,0.75,,,,,,,[O-]1(C)[Ir+]234([O-](C)[Ir+]1567[CH]=8CC[CH]7=[CH]6CC[CH]85)[CH]=9CC[CH]4=[CH]3CC[CH]92,0.0075,,,N=1C=CC(=CC1C=2N=CC=C(C2)C(C)(C)C)C(C)(C)C,0.015,,,,,C=1C=C(C=CC1C)C,1,,,CCCCCCN(CCCCCC)C(=O)c1ccc(B2OC(C)(C)C(C)(C)O2)cc1,0.23,1H-NMR,CCCCCCN(CCCCCC)C(=O)c1ccc(B2OC(C)(C)C(C)(C)O2)cc1,0.23,,"('N=1C=CC(=CC1C=2N=CC=C(C2)C(C)(C)C)C(C)(C)C', 'O1B(OC(C)(C)C1(C)C)B2OC(C)(C)C(O2)(C)C', '[O-]1(C)[Ir+]234([O-](C)[Ir+]1567[CH]=8CC[CH]7=[CH]6CC[CH]85)[CH]=9CC[CH]4=[CH]3CC[CH]92')",18,CCCCCCN(CCCCCC)C(=O)c1ccccc1,Bc1ccc(C(=O)N(CCCCCC)CCCCCC)cc1,23,
79,79,19,10.1038/nchem.2322,borylation,25,16,ar,0.00025,0.166667,CCCCCCN(CCCCCC)C(=O)c1ccccc1OC,CCCCCCN(CCCCCC)C(=O)c1ccccc1OC,1,O1B(OC(C)(C)C1(C)C)B2OC(C)(C)C(O2)(C)C,1.5,,,,,,,[O-]1(C)[Ir+]234([O-](C)[Ir+]1567[CH]=8CC[CH]7=[CH]6CC[CH]85)[CH]=9CC[CH]4=[CH]3CC[CH]92,0.015,,,N=1C=CC(=CC1C=2N=CC=C(C2)C(C)(C)C)C(C)(C)C,0.03,,,,,C=1C=C(C=CC1C)C,1,,,CCCCCCN(CCCCCC)C(=O)c1ccc(B2OC(C)(C)C(C)(C)O2)cc1OC,0.27,1H-NMR,CCCCCCN(CCCCCC)C(=O)c1ccc(B2OC(C)(C)C(C)(C)O2)cc1OC,0.27,,"('N=1C=CC(=CC1C=2N=CC=C(C2)C(C)(C)C)C(C)(C)C', 'O1B(OC(C)(C)C1(C)C)B2OC(C)(C)C(O2)(C)C', '[O-]1(C)[Ir+]234([O-](C)[Ir+]1567[CH]=8CC[CH]7=[CH]6CC[CH]85)[CH]=9CC[CH]4=[CH]3CC[CH]92')",19,CCCCCCN(CCCCCC)C(=O)c1ccccc1OC,Bc1ccc(C(=O)N(CCCCCC)CCCCCC)c(OC)c1,27,
80,80,20,10.1038/nchem.2322,borylation,25,16,ar,0.00025,0.166667,CCCCCCN(CCCCCC)C(=O)c1ccccc1Br,CCCCCCN(CCCCCC)C(=O)c1ccccc1Br,1,O1B(OC(C)(C)C1(C)C)B2OC(C)(C)C(O2)(C)C,1.5,,,,,,,[O-]1(C)[Ir+]234([O-](C)[Ir+]1567[CH]=8CC[CH]7=[CH]6CC[CH]85)[CH]=9CC[CH]4=[CH]3CC[CH]92,0.015,,,N=1C=CC(=CC1C=2N=CC=C(C2)C(C)(C)C)C(C)(C)C,0.03,,,,,C=1C=C(C=CC1C)C,1,,,CCCCCCN(CCCCCC)C(=O)c1ccc(B2OC(C)(C)C(C)(C)O2)cc1Br,0.66,1H-NMR,CCCCCCN(CCCCCC)C(=O)c1ccc(B2OC(C)(C)C(C)(C)O2)cc1Br,0.66,,"('N=1C=CC(=CC1C=2N=CC=C(C2)C(C)(C)C)C(C)(C)C', 'O1B(OC(C)(C)C1(C)C)B2OC(C)(C)C(O2)(C)C', '[O-]1(C)[Ir+]234([O-](C)[Ir+]1567[CH]=8CC[CH]7=[CH]6CC[CH]85)[CH]=9CC[CH]4=[CH]3CC[CH]92')",20,CCCCCCN(CCCCCC)C(=O)c1ccccc1Br,Bc1ccc(C(=O)N(CCCCCC)CCCCCC)c(Br)c1,66,
81,81,21,10.1038/nchem.2322,borylation,25,16,ar,0.00025,0.166667,CCCCCCN(CCCCCC)C(=O)c1ccccc1Cl,CCCCCCN(CCCCCC)C(=O)c1ccccc1Cl,1,O1B(OC(C)(C)C1(C)C)B2OC(C)(C)C(O2)(C)C,1.5,,,,,,,[O-]1(C)[Ir+]234([O-](C)[Ir+]1567[CH]=8CC[CH]7=[CH]6CC[CH]85)[CH]=9CC[CH]4=[CH]3CC[CH]92,0.015,,,N=1C=CC(=CC1C=2N=CC=C(C2)C(C)(C)C)C(C)(C)C,0.03,,,,,C=1C=C(C=CC1C)C,1,,,CCCCCCN(CCCCCC)C(=O)c1ccc(B2OC(C)(C)C(C)(C)O2)cc1Cl,0.61,1H-NMR,CCCCCCN(CCCCCC)C(=O)c1ccc(B2OC(C)(C)C(C)(C)O2)cc1Cl,0.61,,"('N=1C=CC(=CC1C=2N=CC=C(C2)C(C)(C)C)C(C)(C)C', 'O1B(OC(C)(C)C1(C)C)B2OC(C)(C)C(O2)(C)C', '[O-]1(C)[Ir+]234([O-](C)[Ir+]1567[CH]=8CC[CH]7=[CH]6CC[CH]85)[CH]=9CC[CH]4=[CH]3CC[CH]92')",21,CCCCCCN(CCCCCC)C(=O)c1ccccc1Cl,Bc1ccc(C(=O)N(CCCCCC)CCCCCC)c(Cl)c1,61,
82,82,23,10.1038/nchem.2322,borylation,25,16,ar,0.00025,0.166667,CCCCCCN(CCCCCC)C(=O)c1ccccc1OC(F)(F)F,CCCCCCN(CCCCCC)C(=O)c1ccccc1OC(F)(F)F,1,O1B(OC(C)(C)C1(C)C)B2OC(C)(C)C(O2)(C)C,1.5,,,,,,,[O-]1(C)[Ir+]234([O-](C)[Ir+]1567[CH]=8CC[CH]7=[CH]6CC[CH]85)[CH]=9CC[CH]4=[CH]3CC[CH]92,0.015,,,N=1C=CC(=CC1C=2N=CC=C(C2)C(C)(C)C)C(C)(C)C,0.03,,,,,C=1C=C(C=CC1C)C,1,,,CCCCCCN(CCCCCC)C(=O)c1ccc(B2OC(C)(C)C(C)(C)O2)cc1OC(F)(F)F,0.79,1H-NMR,CCCCCCN(CCCCCC)C(=O)c1ccc(B2OC(C)(C)C(C)(C)O2)cc1OC(F)(F)F,0.79,,"('N=1C=CC(=CC1C=2N=CC=C(C2)C(C)(C)C)C(C)(C)C', 'O1B(OC(C)(C)C1(C)C)B2OC(C)(C)C(O2)(C)C', '[O-]1(C)[Ir+]234([O-](C)[Ir+]1567[CH]=8CC[CH]7=[CH]6CC[CH]85)[CH]=9CC[CH]4=[CH]3CC[CH]92')",23,CCCCCCN(CCCCCC)C(=O)c1ccccc1OC(F)(F)F,Bc1ccc(C(=O)N(CCCCCC)CCCCCC)c(OC(F)(F)F)c1,79,
83,83,25,10.1038/nchem.2322,borylation,35,24,ar,0.00025,0.166667,CN1Cc2ccccc2C1=O,CN1Cc2ccccc2C1=O,1,O1B(OC(C)(C)C1(C)C)B2OC(C)(C)C(O2)(C)C,1.5,,,,,,,[O-]1(C)[Ir+]234([O-](C)[Ir+]1567[CH]=8CC[CH]7=[CH]6CC[CH]85)[CH]=9CC[CH]4=[CH]3CC[CH]92,0.015,,,N=1C=CC(=CC1C=2N=CC=C(C2)C(C)(C)C)C(C)(C)C,0.03,,,,,C=1C=C(C=CC1C)C,1,,,CN1Cc2cc(B3OC(C)(C)C(C)(C)O3)ccc2C1=O,0.26,1H-NMR,CN1Cc2cc(B3OC(C)(C)C(C)(C)O3)ccc2C1=O,0.26,,"('N=1C=CC(=CC1C=2N=CC=C(C2)C(C)(C)C)C(C)(C)C', 'O1B(OC(C)(C)C1(C)C)B2OC(C)(C)C(O2)(C)C', '[O-]1(C)[Ir+]234([O-](C)[Ir+]1567[CH]=8CC[CH]7=[CH]6CC[CH]85)[CH]=9CC[CH]4=[CH]3CC[CH]92')",25,CN1Cc2ccccc2C1=O,Bc1ccc2c(c1)CN(C)C2=O,26,
84,84,26,10.1038/nchem.2322,borylation,25,16,ar,0.00025,0.166667,CN(C)C(=O)c1ccccc1,CN(C)C(=O)c1ccccc1,1,O1B(OC(C)(C)C1(C)C)B2OC(C)(C)C(O2)(C)C,1,,,,,,,[O-]1(C)[Ir+]234([O-](C)[Ir+]1567[CH]=8CC[CH]7=[CH]6CC[CH]85)[CH]=9CC[CH]4=[CH]3CC[CH]92,0.015,,,N=1C=CC(=CC1C=2N=CC=C(C2)C(C)(C)C)C(C)(C)C,0.03,,,,,C=1C=C(C=CC1C)C,1,,,CN(C)C(=O)c1ccc(B2OC(C)(C)C(C)(C)O2)cc1,0.2,1H-NMR,CN(C)C(=O)c1ccc(B2OC(C)(C)C(C)(C)O2)cc1,0.2,,"('N=1C=CC(=CC1C=2N=CC=C(C2)C(C)(C)C)C(C)(C)C', 'O1B(OC(C)(C)C1(C)C)B2OC(C)(C)C(O2)(C)C', '[O-]1(C)[Ir+]234([O-](C)[Ir+]1567[CH]=8CC[CH]7=[CH]6CC[CH]85)[CH]=9CC[CH]4=[CH]3CC[CH]92')",26,CN(C)C(=O)c1ccccc1,Bc1ccc(C(=O)N(C)C)cc1,20,
85,85,27,10.1038/nchem.2322,borylation,25,16,ar,0.00025,0.166667,O=C(c1ccccc1)N1CCCCC1,O=C(c1ccccc1)N1CCCCC1,1,O1B(OC(C)(C)C1(C)C)B2OC(C)(C)C(O2)(C)C,1,,,,,,,[O-]1(C)[Ir+]234([O-](C)[Ir+]1567[CH]=8CC[CH]7=[CH]6CC[CH]85)[CH]=9CC[CH]4=[CH]3CC[CH]92,0.015,,,N=1C=CC(=CC1C=2N=CC=C(C2)C(C)(C)C)C(C)(C)C,0.03,,,,,C=1C=C(C=CC1C)C,1,,,CC1(C)OB(c2ccc(C(=O)N3CCCCC3)cc2)OC1(C)C,0.16,1H-NMR,CC1(C)OB(c2ccc(C(=O)N3CCCCC3)cc2)OC1(C)C,0.16,,"('N=1C=CC(=CC1C=2N=CC=C(C2)C(C)(C)C)C(C)(C)C', 'O1B(OC(C)(C)C1(C)C)B2OC(C)(C)C(O2)(C)C', '[O-]1(C)[Ir+]234([O-](C)[Ir+]1567[CH]=8CC[CH]7=[CH]6CC[CH]85)[CH]=9CC[CH]4=[CH]3CC[CH]92')",27,O=C(c1ccccc1)N1CCCCC1,Bc1ccc(C(=O)N2CCCCC2)cc1,16,
86,86,28,10.1038/nchem.2322,borylation,25,16,ar,0.00025,0.166667,O=C(c1ccccc1Br)N1CCOCC1,O=C(c1ccccc1Br)N1CCOCC1,1,O1B(OC(C)(C)C1(C)C)B2OC(C)(C)C(O2)(C)C,1.5,,,,,,,[O-]1(C)[Ir+]234([O-](C)[Ir+]1567[CH]=8CC[CH]7=[CH]6CC[CH]85)[CH]=9CC[CH]4=[CH]3CC[CH]92,0.015,,,N=1C=CC(=CC1C=2N=CC=C(C2)C(C)(C)C)C(C)(C)C,0.03,,,,,C=1C=C(C=CC1C)C,1,,,CC1(C)OB(c2ccc(C(=O)N3CCOCC3)c(Br)c2)OC1(C)C,0.03,1H-NMR,CC1(C)OB(c2ccc(C(=O)N3CCOCC3)c(Br)c2)OC1(C)C,0.03,,"('N=1C=CC(=CC1C=2N=CC=C(C2)C(C)(C)C)C(C)(C)C', 'O1B(OC(C)(C)C1(C)C)B2OC(C)(C)C(O2)(C)C', '[O-]1(C)[Ir+]234([O-](C)[Ir+]1567[CH]=8CC[CH]7=[CH]6CC[CH]85)[CH]=9CC[CH]4=[CH]3CC[CH]92')",28,O=C(c1ccccc1Br)N1CCOCC1,Bc1ccc(C(=O)N2CCOCC2)c(Br)c1,3,
87,87,29,10.1038/nchem.2322,borylation,25,16,ar,0.00025,0.166667,O=C(c1ccccc1)N1CCCCCC1,O=C(c1ccccc1)N1CCCCCC1,1,O1B(OC(C)(C)C1(C)C)B2OC(C)(C)C(O2)(C)C,1,,,,,,,[O-]1(C)[Ir+]234([O-](C)[Ir+]1567[CH]=8CC[CH]7=[CH]6CC[CH]85)[CH]=9CC[CH]4=[CH]3CC[CH]92,0.015,,,N=1C=CC(=CC1C=2N=CC=C(C2)C(C)(C)C)C(C)(C)C,0.03,,,,,C=1C=C(C=CC1C)C,1,,,CC1(C)OB(c2ccc(C(=O)N3CCCCCC3)cc2)OC1(C)C,0.14,1H-NMR,CC1(C)OB(c2ccc(C(=O)N3CCCCCC3)cc2)OC1(C)C,0.14,,"('N=1C=CC(=CC1C=2N=CC=C(C2)C(C)(C)C)C(C)(C)C', 'O1B(OC(C)(C)C1(C)C)B2OC(C)(C)C(O2)(C)C', '[O-]1(C)[Ir+]234([O-](C)[Ir+]1567[CH]=8CC[CH]7=[CH]6CC[CH]85)[CH]=9CC[CH]4=[CH]3CC[CH]92')",29,O=C(c1ccccc1)N1CCCCCC1,Bc1ccc(C(=O)N2CCCCCC2)cc1,14,
88,88,30,10.1038/nchem.2322,borylation,25,16,ar,0.00025,0.166667,CCCCCCN(CCCCCC)C(=O)c1cccc(F)c1,CCCCCCN(CCCCCC)C(=O)c1cccc(F)c1,1,O1B(OC(C)(C)C1(C)C)B2OC(C)(C)C(O2)(C)C,1.5,,,,,,,[O-]1(C)[Ir+]234([O-](C)[Ir+]1567[CH]=8CC[CH]7=[CH]6CC[CH]85)[CH]=9CC[CH]4=[CH]3CC[CH]92,0.015,,,N=1C=CC(=CC1C=2N=CC=C(C2)C(C)(C)C)C(C)(C)C,0.03,,,,,C=1C=C(C=CC1C)C,1,,,CCCCCCN(CCCCCC)C(=O)c1ccc(B2OC(C)(C)C(C)(C)O2)c(F)c1,0.5,1H-NMR,CCCCCCN(CCCCCC)C(=O)c1ccc(B2OC(C)(C)C(C)(C)O2)c(F)c1,0.5,,"('N=1C=CC(=CC1C=2N=CC=C(C2)C(C)(C)C)C(C)(C)C', 'O1B(OC(C)(C)C1(C)C)B2OC(C)(C)C(O2)(C)C', '[O-]1(C)[Ir+]234([O-](C)[Ir+]1567[CH]=8CC[CH]7=[CH]6CC[CH]85)[CH]=9CC[CH]4=[CH]3CC[CH]92')",30,CCCCCCN(CCCCCC)C(=O)c1cccc(F)c1,Bc1ccc(C(=O)N(CCCCCC)CCCCCC)cc1F,50,
89,89,38,10.1038/nchem.2322,borylation,25,16,ar,0.00025,0.166667,CCCCCCN(CCCCCC)C(=O)c1cccn1C,CCCCCCN(CCCCCC)C(=O)c1cccn1C,1,O1B(OC(C)(C)C1(C)C)B2OC(C)(C)C(O2)(C)C,1.5,,,,,,,[O-]1(C)[Ir+]234([O-](C)[Ir+]1567[CH]=8CC[CH]7=[CH]6CC[CH]85)[CH]=9CC[CH]4=[CH]3CC[CH]92,0.015,,,N=1C=CC(=CC1C=2N=CC=C(C2)C(C)(C)C)C(C)(C)C,0.03,,,,,C=1C=C(C=CC1C)C,1,,,CCCCCCN(CCCCCC)C(=O)c1cc(B2OC(C)(C)C(C)(C)O2)cn1C,0.29,1H-NMR,CCCCCCN(CCCCCC)C(=O)c1cc(B2OC(C)(C)C(C)(C)O2)cn1C,0.29,,"('N=1C=CC(=CC1C=2N=CC=C(C2)C(C)(C)C)C(C)(C)C', 'O1B(OC(C)(C)C1(C)C)B2OC(C)(C)C(O2)(C)C', '[O-]1(C)[Ir+]234([O-](C)[Ir+]1567[CH]=8CC[CH]7=[CH]6CC[CH]85)[CH]=9CC[CH]4=[CH]3CC[CH]92')",38,CCCCCCN(CCCCCC)C(=O)c1cccn1C,Bc1cc(C(=O)N(CCCCCC)CCCCCC)n(C)c1,29,
90,90,40,10.1038/nchem.2322,borylation,25,16,ar,0.00025,0.166667,CN(C)C(=O)c1ccccn1,CN(C)C(=O)c1ccccn1,1,O1B(OC(C)(C)C1(C)C)B2OC(C)(C)C(O2)(C)C,1.5,,,,,,,[O-]1(C)[Ir+]234([O-](C)[Ir+]1567[CH]=8CC[CH]7=[CH]6CC[CH]85)[CH]=9CC[CH]4=[CH]3CC[CH]92,0.015,,,N=1C=CC(=CC1C=2N=CC=C(C2)C(C)(C)C)C(C)(C)C,0.03,,,,,C=1C=C(C=CC1C)C,1,,,CN(C)C(=O)c1ccc(B2OC(C)(C)C(C)(C)O2)cn1,0.3,1H-NMR,CN(C)C(=O)c1ccc(B2OC(C)(C)C(C)(C)O2)cn1,0.3,,"('N=1C=CC(=CC1C=2N=CC=C(C2)C(C)(C)C)C(C)(C)C', 'O1B(OC(C)(C)C1(C)C)B2OC(C)(C)C(O2)(C)C', '[O-]1(C)[Ir+]234([O-](C)[Ir+]1567[CH]=8CC[CH]7=[CH]6CC[CH]85)[CH]=9CC[CH]4=[CH]3CC[CH]92')",40,CN(C)C(=O)c1ccccn1,Bc1ccc(C(=O)N(C)C)nc1,30,
91,91,41,10.1038/nchem.2322,borylation,25,16,ar,0.00025,0.166667,CCOC(=O)c1ccccn1,CCOC(=O)c1ccccn1,1,O1B(OC(C)(C)C1(C)C)B2OC(C)(C)C(O2)(C)C,1.5,,,,,,,[O-]1(C)[Ir+]234([O-](C)[Ir+]1567[CH]=8CC[CH]7=[CH]6CC[CH]85)[CH]=9CC[CH]4=[CH]3CC[CH]92,0.015,,,N=1C=CC(=CC1C=2N=CC=C(C2)C(C)(C)C)C(C)(C)C,0.03,,,,,C=1C=C(C=CC1C)C,1,,,CCOC(=O)c1ccc(B2OC(C)(C)C(C)(C)O2)cn1,0.4,1H-NMR,CCOC(=O)c1ccc(B2OC(C)(C)C(C)(C)O2)cn1,0.4,,"('N=1C=CC(=CC1C=2N=CC=C(C2)C(C)(C)C)C(C)(C)C', 'O1B(OC(C)(C)C1(C)C)B2OC(C)(C)C(O2)(C)C', '[O-]1(C)[Ir+]234([O-](C)[Ir+]1567[CH]=8CC[CH]7=[CH]6CC[CH]85)[CH]=9CC[CH]4=[CH]3CC[CH]92')",41,CCOC(=O)c1ccccn1,Bc1ccc(C(=O)OCC)nc1,40,
92,92,42,10.1038/nchem.2322,borylation,25,16,ar,0.00025,0.166667,CCOC(=O)Cc1ccccn1,CCOC(=O)Cc1ccccn1,1,O1B(OC(C)(C)C1(C)C)B2OC(C)(C)C(O2)(C)C,1.5,,,,,,,[O-]1(C)[Ir+]234([O-](C)[Ir+]1567[CH]=8CC[CH]7=[CH]6CC[CH]85)[CH]=9CC[CH]4=[CH]3CC[CH]92,0.015,,,N=1C=CC(=CC1C=2N=CC=C(C2)C(C)(C)C)C(C)(C)C,0.03,,,,,C=1C=C(C=CC1C)C,1,,,CCOC(=O)Cc1ccc(B2OC(C)(C)C(C)(C)O2)cn1,0.6,1H-NMR,CCOC(=O)Cc1ccc(B2OC(C)(C)C(C)(C)O2)cn1,0.6,,"('N=1C=CC(=CC1C=2N=CC=C(C2)C(C)(C)C)C(C)(C)C', 'O1B(OC(C)(C)C1(C)C)B2OC(C)(C)C(O2)(C)C', '[O-]1(C)[Ir+]234([O-](C)[Ir+]1567[CH]=8CC[CH]7=[CH]6CC[CH]85)[CH]=9CC[CH]4=[CH]3CC[CH]92')",42,CCOC(=O)Cc1ccccn1,Bc1ccc(CC(=O)OCC)nc1,60,
93,93,43,10.1038/nchem.2322,borylation,40,6,ar,0.00025,0.166667,CCOP(=O)(OCC)c1ccccc1,CCOP(=O)(OCC)c1ccccc1,1,O1B(OC(C)(C)C1(C)C)B2OC(C)(C)C(O2)(C)C,1,,,,,,,[O-]1(C)[Ir+]234([O-](C)[Ir+]1567[CH]=8CC[CH]7=[CH]6CC[CH]85)[CH]=9CC[CH]4=[CH]3CC[CH]92,0.015,,,N=1C=CC(=CC1C=2N=CC=C(C2)C(C)(C)C)C(C)(C)C,0.03,,,,,C=1C=C(C=CC1C)C,1,,,CCOP(=O)(OCC)c1ccc(B2OC(C)(C)C(C)(C)O2)cc1,0.24,1H-NMR,CCOP(=O)(OCC)c1ccc(B2OC(C)(C)C(C)(C)O2)cc1,0.24,,"('N=1C=CC(=CC1C=2N=CC=C(C2)C(C)(C)C)C(C)(C)C', 'O1B(OC(C)(C)C1(C)C)B2OC(C)(C)C(O2)(C)C', '[O-]1(C)[Ir+]234([O-](C)[Ir+]1567[CH]=8CC[CH]7=[CH]6CC[CH]85)[CH]=9CC[CH]4=[CH]3CC[CH]92')",43,CCOP(=O)(OCC)c1ccccc1,Bc1ccc(P(=O)(OCC)OCC)cc1,24,
94,94,44,10.1038/nchem.2322,borylation,40,16,ar,0.00025,0.166667,CCOP(=O)(OCC)c1ccccc1C,CCOP(=O)(OCC)c1ccccc1C,1,O1B(OC(C)(C)C1(C)C)B2OC(C)(C)C(O2)(C)C,1.5,,,,,,,[O-]1(C)[Ir+]234([O-](C)[Ir+]1567[CH]=8CC[CH]7=[CH]6CC[CH]85)[CH]=9CC[CH]4=[CH]3CC[CH]92,0.015,,,N=1C=CC(=CC1C=2N=CC=C(C2)C(C)(C)C)C(C)(C)C,0.03,,,,,C=1C=C(C=CC1C)C,1,,,CCOP(=O)(OCC)c1ccc(B2OC(C)(C)C(C)(C)O2)cc1C,0.62,1H-NMR,CCOP(=O)(OCC)c1ccc(B2OC(C)(C)C(C)(C)O2)cc1C,0.62,,"('N=1C=CC(=CC1C=2N=CC=C(C2)C(C)(C)C)C(C)(C)C', 'O1B(OC(C)(C)C1(C)C)B2OC(C)(C)C(O2)(C)C', '[O-]1(C)[Ir+]234([O-](C)[Ir+]1567[CH]=8CC[CH]7=[CH]6CC[CH]85)[CH]=9CC[CH]4=[CH]3CC[CH]92')",44,CCOP(=O)(OCC)c1ccccc1C,Bc1ccc(P(=O)(OCC)OCC)c(C)c1,62,
95,95,45,10.1038/nchem.2322,borylation,40,16,ar,0.00025,0.166667,CCOP(=O)(OCC)c1ccccc1Br,CCOP(=O)(OCC)c1ccccc1Br,1,O1B(OC(C)(C)C1(C)C)B2OC(C)(C)C(O2)(C)C,1.5,,,,,,,[O-]1(C)[Ir+]234([O-](C)[Ir+]1567[CH]=8CC[CH]7=[CH]6CC[CH]85)[CH]=9CC[CH]4=[CH]3CC[CH]92,0.015,,,N=1C=CC(=CC1C=2N=CC=C(C2)C(C)(C)C)C(C)(C)C,0.03,,,,,C=1C=C(C=CC1C)C,1,,,CCOP(=O)(OCC)c1ccc(B2OC(C)(C)C(C)(C)O2)cc1Br,0.75,1H-NMR,CCOP(=O)(OCC)c1ccc(B2OC(C)(C)C(C)(C)O2)cc1Br,0.75,,"('N=1C=CC(=CC1C=2N=CC=C(C2)C(C)(C)C)C(C)(C)C', 'O1B(OC(C)(C)C1(C)C)B2OC(C)(C)C(O2)(C)C', '[O-]1(C)[Ir+]234([O-](C)[Ir+]1567[CH]=8CC[CH]7=[CH]6CC[CH]85)[CH]=9CC[CH]4=[CH]3CC[CH]92')",45,CCOP(=O)(OCC)c1ccccc1Br,Bc1ccc(P(=O)(OCC)OCC)c(Br)c1,75,
96,96,58,10.1039/c2sc20776a,borylation,100,1.5,n2,0.001,0.416666667,Cc1ccc2ccc(Br)cc2n1,Cc1ccc2ccc(Br)cc2n1,1,O1B(OC(C)(C)C1(C)C)B2OC(C)(C)C(O2)(C)C,1,,,,,,,[O-]1(C)[Ir+]234([O-](C)[Ir+]1567[CH]=8CC[CH]7=[CH]6CC[CH]85)[CH]=9CC[CH]4=[CH]3CC[CH]92,0.015,,,N=1C=CC(=CC1C=2N=CC=C(C2)C(C)(C)C)C(C)(C)C,0.03,,,,,O(C)C(C)(C)C,1,,,Cc1ccc2c(B3OC(C)(C)C(C)(C)O3)cc(Br)cc2n1,0.28,GCMS,Cc1ccc2c(B3OC(C)(C)C(C)(C)O3)cc(Br)cc2n1,0.28,,"('N=1C=CC(=CC1C=2N=CC=C(C2)C(C)(C)C)C(C)(C)C', 'O1B(OC(C)(C)C1(C)C)B2OC(C)(C)C(O2)(C)C', '[O-]1(C)[Ir+]234([O-](C)[Ir+]1567[CH]=8CC[CH]7=[CH]6CC[CH]85)[CH]=9CC[CH]4=[CH]3CC[CH]92')",58,Cc1ccc2ccc(Br)cc2n1,Bc1cc(Br)cc2nc(C)ccc12,28,
97,97,59,10.1039/c2sc20776a,borylation,100,1.5,n2,0.001,0.416666667,Cc1ccc2ccc(C(F)(F)F)cc2n1,Cc1ccc2ccc(C(F)(F)F)cc2n1,1,O1B(OC(C)(C)C1(C)C)B2OC(C)(C)C(O2)(C)C,1,,,,,,,[O-]1(C)[Ir+]234([O-](C)[Ir+]1567[CH]=8CC[CH]7=[CH]6CC[CH]85)[CH]=9CC[CH]4=[CH]3CC[CH]92,0.015,,,N=1C=CC(=CC1C=2N=CC=C(C2)C(C)(C)C)C(C)(C)C,0.03,,,,,O(C)C(C)(C)C,1,,,Cc1ccc2c(B3OC(C)(C)C(C)(C)O3)cc(C(F)(F)F)cc2n1,0.38,GCMS,Cc1ccc2c(B3OC(C)(C)C(C)(C)O3)cc(C(F)(F)F)cc2n1,0.38,,"('N=1C=CC(=CC1C=2N=CC=C(C2)C(C)(C)C)C(C)(C)C', 'O1B(OC(C)(C)C1(C)C)B2OC(C)(C)C(O2)(C)C', '[O-]1(C)[Ir+]234([O-](C)[Ir+]1567[CH]=8CC[CH]7=[CH]6CC[CH]85)[CH]=9CC[CH]4=[CH]3CC[CH]92')",59,Cc1ccc2ccc(C(F)(F)F)cc2n1,Bc1cc(C(F)(F)F)cc2nc(C)ccc12,38,
98,98,63,10.1039/c2sc20776a,borylation,100,1.5,n2,0.001,0.416666667,Cc1ccc2ccc(Cl)cc2n1,Cc1ccc2ccc(Cl)cc2n1,1,O1B(OC(C)(C)C1(C)C)B2OC(C)(C)C(O2)(C)C,1,,,,,,,[O-]1(C)[Ir+]234([O-](C)[Ir+]1567[CH]=8CC[CH]7=[CH]6CC[CH]85)[CH]=9CC[CH]4=[CH]3CC[CH]92,0.015,,,N=1C=CC(=CC1C=2N=CC=C(C2)C(C)(C)C)C(C)(C)C,0.03,,,,,O(C)C(C)(C)C,1,,,Cc1ccc2c(B3OC(C)(C)C(C)(C)O3)cc(Cl)cc2n1,0.11,GCMS,Cc1ccc2c(B3OC(C)(C)C(C)(C)O3)cc(Cl)cc2n1,0.11,,"('N=1C=CC(=CC1C=2N=CC=C(C2)C(C)(C)C)C(C)(C)C', 'O1B(OC(C)(C)C1(C)C)B2OC(C)(C)C(O2)(C)C', '[O-]1(C)[Ir+]234([O-](C)[Ir+]1567[CH]=8CC[CH]7=[CH]6CC[CH]85)[CH]=9CC[CH]4=[CH]3CC[CH]92')",63,Cc1ccc2ccc(Cl)cc2n1,Bc1cc(Cl)cc2nc(C)ccc12,11,
99,99,64,10.1039/c2sc20776a,borylation,25,16,n2,0.0002,0.4,COC(=O)c1ccccc1C,COC(=O)c1ccccc1C,1,O1B(OC(C)(C)C1(C)C)B2OC(C)(C)C(O2)(C)C,1.2,,,,,,,[O-]1(C)[Ir+]234([O-](C)[Ir+]1567[CH]=8CC[CH]7=[CH]6CC[CH]85)[CH]=9CC[CH]4=[CH]3CC[CH]92,0.015,,,N=1C=CC(=CC1C=2N=CC=C(C2)C(C)(C)C)C(C)(C)C,0.03,,,,,O(C)C(C)(C)C,1,,,COC(=O)c1cc(B2OC(C)(C)C(C)(C)O2)ccc1C,0.27,GCMS/1H-NMR,COC(=O)c1cc(B2OC(C)(C)C(C)(C)O2)ccc1C,0.27,,"('N=1C=CC(=CC1C=2N=CC=C(C2)C(C)(C)C)C(C)(C)C', 'O1B(OC(C)(C)C1(C)C)B2OC(C)(C)C(O2)(C)C', '[O-]1(C)[Ir+]234([O-](C)[Ir+]1567[CH]=8CC[CH]7=[CH]6CC[CH]85)[CH]=9CC[CH]4=[CH]3CC[CH]92')",64,COC(=O)c1ccccc1C,Bc1ccc(C)c(C(=O)OC)c1,27,
100,100,65,10.1039/c2sc20776a,borylation,25,16,n2,0.0002,0.4,O=C1CCCc2ccccc21,O=C1CCCc2ccccc21,1,O1B(OC(C)(C)C1(C)C)B2OC(C)(C)C(O2)(C)C,1.2,,,,,,,[O-]1(C)[Ir+]234([O-](C)[Ir+]1567[CH]=8CC[CH]7=[CH]6CC[CH]85)[CH]=9CC[CH]4=[CH]3CC[CH]92,0.015,,,N=1C=CC(=CC1C=2N=CC=C(C2)C(C)(C)C)C(C)(C)C,0.03,,,,,O(C)C(C)(C)C,1,,,CC1(C)OB(c2ccc3c(c2)C(=O)CCC3)OC1(C)C,0.2,GCMS/1H-NMR,CC1(C)OB(c2ccc3c(c2)C(=O)CCC3)OC1(C)C,0.2,,"('N=1C=CC(=CC1C=2N=CC=C(C2)C(C)(C)C)C(C)(C)C', 'O1B(OC(C)(C)C1(C)C)B2OC(C)(C)C(O2)(C)C', '[O-]1(C)[Ir+]234([O-](C)[Ir+]1567[CH]=8CC[CH]7=[CH]6CC[CH]85)[CH]=9CC[CH]4=[CH]3CC[CH]92')",65,O=C1CCCc2ccccc21,Bc1ccc2c(c1)C(=O)CCC2,20,
101,,,,,,,,,,O=C1OC2=C(C(O)=C1C(CC(C)=O)C3=CC=CC=C3)C=CC=C2,O=C1OC2=C(C(O)=C1C(CC(C)=O)C3=CC=CC=C3)C=CC=C2,,,,,,,,,,,,,,,,,,,,,,,,O=C1OC2=C(C(O)=C1C(CC(C)=O)C3=CC=CC=C3)C=CC(B4OC(C)(C)C(C)(C)O4)=C2,1,,,,,,78,O=C1OC2=C(C(O)=C1C(CC(C)=O)C3=CC=CC=C3)C=CC=C2,Bc1ccc2c(O)c(C(CC(C)=O)c3ccccc3)c(=O)oc2c1,100,
102,,,,,,,,,,CC1=CC=C(N1C2=NN(C)C=C2)C,CC1=CC=C(N1C2=NN(C)C=C2)C,,,,,,,,,,,,,,,,,,,,,,,,CC1=CC=C(N1C2=NN(C)C(B3OC(C)(C)C(C)(C)O3)=C2)C,1,,,,,,79,CC1=CC=C(N1C2=NN(C)C=C2)C,Bc1cc(-n2c(C)ccc2C)nn1C,100,
103,,,,,,,,,,BrC1=CN=C(C=C1)N2CCOCC2,BrC1=CN=C(C=C1)N2CCOCC2,,,,,,,,,,,,,,,,,,,,,,,,BrC1=CN=C(C=C1B2OC(C)(C)C(C)(C)O2)N3CCOCC3,1,,,,,,80,BrC1=CN=C(C=C1)N2CCOCC2,Bc1cc(N2CCOCC2)ncc1Br,100,
104,,,,,,,,,,FC(F)(C1=NN(C)C2=C1C=CC(Br)=C2)F,FC(F)(C1=NN(C)C2=C1C=CC(Br)=C2)F,,,,,,,,,,,,,,,,,,,,,,,,FC(F)(C1=NN(CB2OC(C)(C)C(C)(C)O2)C3=C1C=CC(Br)=C3)F,1,,,,,,81,FC(F)(C1=NN(C)C2=C1C=CC(Br)=C2)F,BCn1nc(C(F)(F)F)c2ccc(Br)cc21,100,